x1_id,x2_session,x3_trial,x4_index_forests,x5_order_trials_in_forest_0x28not_days0x29,x6_continuous_energy_trial_start,x7_weather_type,x8_side_options_on_screen,x9_button_pressed,x10_RT,x11_choice,x12_continuous_energy_trial_end,x13_gain_magnitude,x14_p_foraging_gain,x15_not_used_set_to_NaN,x16_horizon_correct_maximum,x17_horizon_correct_adjusted,x18_win_magnitude_high_low,x19_wait_when_safe,x20_energy_change_in_trial,x21_optimal_policy_binary,x22_optimal_policy,x23_pseudo0x2Doptimal_horizon0x2D1_binary,x24_pseudo0x2Doptimal_horizon0x2D1,x25_expected_energy_wO_boundaries,x26_logRT,x27_indifferent_optimal,empty,empty1,empty2,empty3,empty4,empty5,empty6,empty7,empty8,x37_binary_energy,x38_foraging_outcome_win,x39_foraging_outcome_loss,x40_expected_energy_w_boundaries,x41_expected_energy_change,empty9,empty10,empty11,empty12,empty13,empty14,empty15,empty16,empty17,empty18,empty19,x53_fatal_foraging_possible,x54_oneIfNrg1_else_pGain,x55_oneIfNrg1_else_EVenergy,x56_rule0x26PGain3WWS,x57_weather_1_gain_magnitude,x58_weather_2_gain_magnitude,x59_weather_1_p_gain,x60_weather_2_p_gain
313,1,1,728,1,3,2,1,2,880,1,1,3,0.4,NaN,4,4,2,0,0,1,0.20475,2,0,2.22044604925031e-16,6.77992190747225,0,0,0,0,0,0,0,0,0,0,0,5,1,2.6,-0.4,0,0,0,0,0,0,0,0,0,0,0,0,0.4,-0.4,0.4,1,3,0.1,0.4
313,1,2,728,2,1,1,2,2,1118,0,0,1,0.1,NaN,4,3,2,0,-2,1,0.0325,1,0.1,-1.7,7.01929665371504,0,0,0,0,0,0,0,0,0,0,1,2,0,0.2,-0.8,0,0,0,0,0,0,0,0,0,0,0,1,1,1,1,1,3,0.1,0.4
313,1,3,728,3,0,0,0,2,1133,0,0,0,3,NaN,4,2,2,0,-1,0,0,0,0,4,7.03262426102801,1,0,0,0,0,0,0,0,0,0,0,0,0,0,0,0,0,0,0,0,0,0,0,0,0,0,1,3,0,3,1,3,0.1,0.4
313,1,4,728,4,0,0,0,2,740,0,0,0,3,NaN,4,1,2,0,0,0,0,0,0,4,6.60665018619822,1,0,0,0,0,0,0,0,0,0,0,0,0,0,0,0,0,0,0,0,0,0,0,0,0,0,1,3,0,3,1,3,0.1,0.4
313,1,5,863,1,3,1,1,25,671,0,2,1,0.2,NaN,3,3,1,0,0,1,0.0549999999999999,2,0,-1.4,6.50876913697168,0,0,0,0,0,0,0,0,0,0,0,4,1,1.6,-1.4,0,0,0,0,0,0,0,0,0,0,0,0,0.2,-1.4,0.2,1,3,0.2,0.5
313,1,6,863,2,2,2,1,2,768,1,0,3,0.5,NaN,3,2,1,0,-1,1,0.15,0,-0.5,0.5,6.64378973314767,0,0,0,0,0,0,0,0,0,0,0,5,0,2.5,0.5,0,0,0,0,0,0,0,0,0,0,0,1,0.5,0.5,0.5,1,3,0.2,0.5
313,1,7,863,3,0,0,0,25,1209,0,0,0,3,NaN,3,1,1,0,-2,0,0,0,0,4,7.09754885061479,1,0,0,0,0,0,0,0,0,0,0,0,0,0,0,0,0,0,0,0,0,0,0,0,0,0,1,3,0,3,1,3,0.2,0.5
313,1,8,721,1,3,1,2,2,971,0,2,0,0.1,NaN,3,3,2,0,0,0,-0.16875,2,0,-1.8,6.87832646829133,0,0,0,0,0,0,0,0,0,0,0,3,1,1.2,-1.8,0,0,0,0,0,0,0,0,0,0,0,0,0.1,-1.8,0.1,0,0,0.1,0.4
313,1,9,721,2,2,2,2,25,732,1,0,0,0.4,NaN,3,2,2,0,-1,1,0.15,0,-0.6,-1.2,6.59578051396131,0,0,0,0,0,0,0,0,0,0,0,2,0,0.8,-1.2,0,0,0,0,0,0,0,0,0,0,0,1,0.4,-1.2,0.4,0,0,0.1,0.4
313,1,10,721,3,0,0,0,2,755,0,0,0,0,NaN,3,1,2,0,-2,0,0,0,0,-2,6.62671774924902,1,0,0,0,0,0,0,0,0,0,0,0,0,0,0,0,0,0,0,0,0,0,0,0,0,0,1,0,0,0,0,0,0.1,0.4
313,1,11,883,1,3,2,2,25,769,1,5,3,0.6,NaN,3,3,1,0,0,1,0.26,2,0,1,6.64509096950564,0,0,0,0,0,0,0,0,0,0,0,5,1,3.4,0.4,0,0,0,0,0,0,0,0,0,0,0,0,0.6,0.4,0.6,3,3,0.2,0.6
313,1,12,883,2,5,1,1,25,998,0,4,3,0.2,NaN,3,2,1,1,2,2,0,2,0,-1,6.90575327631146,1,0,0,0,0,0,0,0,0,0,0,5,3,3.4,-1.6,0,0,0,0,0,0,0,0,0,0,0,0,0.2,-1.6,0,3,3,0.2,0.6
313,1,13,883,3,4,1,2,2,916,0,3,3,0.2,NaN,3,1,1,1,-1,2,0,2,0,-1,6.82001636467413,1,0,0,0,0,0,0,0,0,0,0,5,2,2.6,-1.4,0,0,0,0,0,0,0,0,0,0,0,0,0.2,-1.4,0,3,3,0.2,0.6
313,1,14,275,1,2,2,1,2,765,1,0,4,0.4,NaN,5,5,2,0,-1,1,0.16431875,0,-0.6,0.4,6.63987583382654,0,0,0,0,0,0,0,0,0,0,0,5,0,2,0,0,0,0,0,0,0,0,0,0,0,0,1,0.4,0,0.4,0,4,0.3,0.4
313,1,15,275,2,0,0,0,2,826,0,0,0,4,NaN,5,4,2,0,-2,0,0,0,0,6,6.71659477352098,1,0,0,0,0,0,0,0,0,0,0,0,0,0,0,0,0,0,0,0,0,0,0,0,0,0,1,4,0,4,0,4,0.3,0.4
313,1,16,275,3,0,0,0,2,657,0,0,0,4,NaN,5,3,2,0,0,0,0,0,0,6,6.48768401848461,1,0,0,0,0,0,0,0,0,0,0,0,0,0,0,0,0,0,0,0,0,0,0,0,0,0,1,4,0,4,0,4,0.3,0.4
313,1,17,275,4,0,0,0,2,721,0,0,0,4,NaN,5,2,2,0,0,0,0,0,0,6,6.58063913728495,1,0,0,0,0,0,0,0,0,0,0,0,0,0,0,0,0,0,0,0,0,0,0,0,0,0,1,4,0,4,0,4,0.3,0.4
313,1,18,275,5,0,0,0,2,580,0,0,0,4,NaN,5,1,2,0,0,0,0,0,0,6,6.36302810354046,1,0,0,0,0,0,0,0,0,0,0,0,0,0,0,0,0,0,0,0,0,0,0,0,0,0,1,4,0,4,0,4,0.3,0.4
313,1,19,755,1,3,2,2,25,580,1,1,4,0.6,NaN,4,4,1,0,0,1,0.2676,2,0,1.6,6.36302810354046,0,0,0,0,0,0,0,0,0,0,0,5,1,3.4,0.4,0,0,0,0,0,0,0,0,0,0,0,0,0.6,0.4,0.6,0,4,0.1,0.6
313,1,20,755,2,1,1,1,2,1793,1,1,0,0.1,NaN,4,3,1,0,-2,1,0.0317499999999999,1,0.1,-1.8,7.49164547360513,0,0,0,0,0,0,0,0,0,0,1,1,0,0.1,-0.9,0,0,0,0,0,0,0,0,0,0,0,1,1,1,1,0,4,0.1,0.6
313,1,21,755,3,1,2,1,2,920,1,5,4,0.6,NaN,4,2,1,0,0,1,0.6,1,0.6,1.6,6.82437367004309,0,0,0,0,0,0,0,0,0,0,1,5,0,3,2,0,0,0,0,0,0,0,0,0,0,0,1,1,1,1,0,4,0.1,0.6
313,1,22,755,4,5,1,2,2,1046,0,4,0,0.1,NaN,4,1,1,1,4,2,0,2,0,-1.8,6.95272864462487,1,0,0,0,0,0,0,0,0,0,0,5,3,3.2,-1.8,0,0,0,0,0,0,0,0,0,0,0,0,0.1,-1.8,0,0,4,0.1,0.6
313,1,23,865,1,3,2,2,25,715,1,1,2,0.5,NaN,4,4,1,0,-1,1,0.25,2,0,0,6.57228254269401,0,0,0,0,0,0,0,0,0,0,0,5,1,3,0,0,0,0,0,0,0,0,0,0,0,0,0,0.5,0,0.5,2,2,0.2,0.5
313,1,24,865,2,1,2,1,2,775,1,0,2,0.5,NaN,4,3,1,0,-2,1,0.5,1,0.5,0,6.65286302935335,0,0,0,0,0,0,0,0,0,0,1,3,0,1.5,0.5,0,0,0,0,0,0,0,0,0,0,0,1,1,1,1,2,2,0.2,0.5
313,1,25,865,3,0,0,0,2,597,0,0,0,2,NaN,4,2,1,0,-1,0,0,0,0,2,6.3919171133926,1,0,0,0,0,0,0,0,0,0,0,0,0,0,0,0,0,0,0,0,0,0,0,0,0,0,1,2,0,2,2,2,0.2,0.5
313,1,26,865,4,0,0,0,2,747,0,0,0,2,NaN,4,1,1,0,0,0,0,0,0,2,6.61606518513282,1,0,0,0,0,0,0,0,0,0,0,0,0,0,0,0,0,0,0,0,0,0,0,0,0,0,1,2,0,2,2,2,0.2,0.5
313,1,27,1194,1,3,2,1,2,517,1,1,4,0.9,NaN,4,4,2,0,0,1,0.165,2,0,3.4,6.24804287450843,0,0,0,0,0,0,0,0,0,0,0,5,1,4.6,1.6,0,0,0,0,0,0,0,0,0,0,0,0,0.9,1.6,0.9,1,4,0.5,0.9
313,1,28,1194,2,1,2,1,2,609,1,5,4,0.9,NaN,4,3,2,0,-2,1,0.9,1,0.9,3.4,6.4118182677099,0,0,0,0,0,0,0,0,0,0,1,5,0,4.5,3.5,0,0,0,0,0,0,0,0,0,0,0,1,1,1,1,1,4,0.5,0.9
313,1,29,1194,3,5,1,2,2,1737,0,4,1,0.5,NaN,4,2,2,1,4,2,0,2,0,-0.5,7.4599147662411,1,0,0,0,0,0,0,0,0,0,0,5,3,4,-1,0,0,0,0,0,0,0,0,0,0,0,0,0.5,-1,0,1,4,0.5,0.9
313,1,30,1194,4,4,2,1,2,619,1,5,4,0.9,NaN,4,1,2,1,-1,2,0,2,0,3.4,6.4281052726846,1,0,0,0,0,0,0,0,0,0,0,5,2,4.7,0.7,0,0,0,0,0,0,0,0,0,0,0,0,0.9,0.7,0,1,4,0.5,0.9
313,1,31,1166,1,3,1,1,25,1569,0,2,2,0.5,NaN,3,3,2,0,1,1,0.15,2,0,0,7.35819375273303,0,0,0,0,0,0,0,0,0,0,0,5,1,3,0,0,0,0,0,0,0,0,0,0,0,0,0,0.5,0,0.5,2,3,0.5,0.7
313,1,32,1166,2,2,1,2,25,1396,1,4,2,0.5,NaN,3,2,2,0,-1,0,-0.1,0,-0.5,0,7.24136628332232,0,0,0,0,0,0,0,0,0,0,0,4,0,2,0,0,0,0,0,0,0,0,0,0,0,0,1,0.5,0,0.5,2,3,0.5,0.7
313,1,33,1166,3,4,1,1,25,1335,0,3,2,0.5,NaN,3,1,2,1,2,2,0,2,0,0,7.19668657083435,1,0,0,0,0,0,0,0,0,0,0,5,2,3.5,-0.5,0,0,0,0,0,0,0,0,0,0,0,0,0.5,-0.5,0,2,3,0.5,0.7
313,1,34,1173,1,3,1,2,2,1199,0,2,0,0.5,NaN,5,5,2,0,-1,0,-0.032890625,2,0,-1,7.08924315502751,0,0,0,0,0,0,0,0,0,0,0,3,1,2,-1,0,0,0,0,0,0,0,0,0,0,0,0,0.5,-1,0.5,0,2,0.5,0.8
313,1,35,1173,2,2,1,1,2,1137,1,0,0,0.5,NaN,5,4,2,0,-1,0,-0.2,0,-0.5,-1,7.03614849375054,0,0,0,0,0,0,0,0,0,0,0,2,0,1,-1,0,0,0,0,0,0,0,0,0,0,0,1,0.5,-1,0.5,0,2,0.5,0.8
313,1,36,1173,3,0,0,0,2,822,0,0,0,2,NaN,5,3,2,0,-2,0,0,0,0,2,6.71174039505618,1,0,0,0,0,0,0,0,0,0,0,0,0,0,0,0,0,0,0,0,0,0,0,0,0,0,1,2,0,2,0,2,0.5,0.8
313,1,37,1173,4,0,0,0,25,361,0,0,0,2,NaN,5,2,2,0,0,0,0,0,0,2,5.88887795833288,1,0,0,0,0,0,0,0,0,0,0,0,0,0,0,0,0,0,0,0,0,0,0,0,0,0,1,2,0,2,0,2,0.5,0.8
313,1,38,1173,5,0,0,0,25,240,0,0,0,2,NaN,5,1,2,0,0,0,0,0,0,2,5.48063892334199,1,0,0,0,0,0,0,0,0,0,0,0,0,0,0,0,0,0,0,0,0,0,0,0,0,0,1,2,0,2,0,2,0.5,0.8
313,1,39,1151,1,3,1,2,2,1362,0,2,2,0.5,NaN,5,5,1,0,0,1,0.1746875,2,0,0,7.21670948670946,0,0,0,0,0,0,0,0,0,0,0,5,1,3,0,0,0,0,0,0,0,0,0,0,0,0,0,0.5,0,0.5,2,3,0.5,0.6
313,1,40,1151,2,2,2,1,2,966,1,5,3,0.6,NaN,5,4,1,0,-1,1,0.05,0,-0.4,1,6.87316383421252,0,0,0,0,0,0,0,0,0,0,0,5,0,3,1,0,0,0,0,0,0,0,0,0,0,0,1,0.6,1,0.6,2,3,0.5,0.6
313,1,41,1151,3,5,2,1,25,1426,0,4,3,0.6,NaN,5,3,1,1,3,2,0,2,0,1,7.26262860097424,1,0,0,0,0,0,0,0,0,0,0,5,3,4.2,-0.8,0,0,0,0,0,0,0,0,0,0,0,0,0.6,-0.8,0,2,3,0.5,0.6
313,1,42,1151,4,4,2,2,25,755,1,5,3,0.6,NaN,5,2,1,1,-1,2,0,2,0,1,6.62671774924902,1,0,0,0,0,0,0,0,0,0,0,5,2,3.8,-0.2,0,0,0,0,0,0,0,0,0,0,0,0,0.6,-0.2,0,2,3,0.5,0.6
313,1,43,1151,5,5,1,1,25,968,0,4,2,0.5,NaN,5,1,1,1,1,2,0,2,0,0,6.87523208727658,1,0,0,0,0,0,0,0,0,0,0,5,3,4,-1,0,0,0,0,0,0,0,0,0,0,0,0,0.5,-1,0,2,3,0.5,0.6
313,1,44,1051,1,3,1,1,25,1509,0,2,0,0.4,NaN,5,5,1,0,-1,1,0.04513625,2,0,-1.2,7.31920245876785,0,0,0,0,0,0,0,0,0,0,0,3,1,1.8,-1.2,0,0,0,0,0,0,0,0,0,0,0,0,0.4,-1.2,0.4,0,0,0.4,0.5
313,1,45,1051,2,2,2,2,2,1644,0,1,0,0.5,NaN,5,4,1,0,-1,1,0.018875,0,-0.5,-1,7.40488757561612,0,0,0,0,0,0,0,0,0,0,0,2,0,1,-1,0,0,0,0,0,0,0,0,0,0,0,1,0.5,-1,0.5,0,0,0.4,0.5
313,1,46,1051,3,1,2,1,2,733,1,1,0,0.5,NaN,5,3,1,0,-1,1,0.10125,1,0.5,-1,6.59714570188665,0,0,0,0,0,0,0,0,0,0,1,1,0,0.5,-0.5,0,0,0,0,0,0,0,0,0,0,0,1,1,1,1,0,0,0.4,0.5
313,1,47,1051,4,1,2,2,25,977,1,0,0,0.5,NaN,5,2,1,0,0,1,0.225,1,0.5,-1,6.88448665204278,0,0,0,0,0,0,0,0,0,0,1,1,0,0.5,-0.5,0,0,0,0,0,0,0,0,0,0,0,1,1,1,1,0,0,0.4,0.5
313,1,48,1051,5,0,0,0,2,651,0,0,0,0,NaN,5,1,1,0,-1,0,0,0,0,-2,6.47850964220857,1,0,0,0,0,0,0,0,0,0,0,0,0,0,0,0,0,0,0,0,0,0,0,0,0,0,1,0,0,0,0,0,0.4,0.5
313,2,1,203,1,2,2,2,25,868,1,0,3,0.6,NaN,5,5,1,0,0,1,0.25,0,-0.4,1,6.76619171466035,0,0,0,0,0,0,0,0,0,0,0,5,0,3,1,0,0,0,0,0,0,0,0,0,0,0,1,0.6,1,0.6,1,3,0.2,0.6
313,2,2,203,2,0,0,0,2,672,0,0,0,3,NaN,5,4,1,0,-2,0,0,0,0,4,6.51025834052315,1,0,0,0,0,0,0,0,0,0,0,0,0,0,0,0,0,0,0,0,0,0,0,0,0,0,1,3,0,3,1,3,0.2,0.6
313,2,3,203,3,0,0,0,2,559,0,0,0,3,NaN,5,3,1,0,0,0,0,0,0,4,6.3261494731551,1,0,0,0,0,0,0,0,0,0,0,0,0,0,0,0,0,0,0,0,0,0,0,0,0,0,1,3,0,3,1,3,0.2,0.6
313,2,4,203,4,0,0,0,2,565,0,0,0,3,NaN,5,2,1,0,0,0,0,0,0,4,6.33682573114644,1,0,0,0,0,0,0,0,0,0,0,0,0,0,0,0,0,0,0,0,0,0,0,0,0,0,1,3,0,3,1,3,0.2,0.6
313,2,5,203,5,0,0,0,25,836,0,0,0,3,NaN,5,1,1,0,0,0,0,0,0,4,6.7286286130847,1,0,0,0,0,0,0,0,0,0,0,0,0,0,0,0,0,0,0,0,0,0,0,0,0,0,1,3,0,3,1,3,0.2,0.6
313,2,6,746,1,3,1,2,2,911,0,2,2,0.1,NaN,4,4,1,0,0,0,-0.03,2,0,-1.6,6.81454289725996,0,0,0,0,0,0,0,0,0,0,0,5,1,1.4,-1.6,0,0,0,0,0,0,0,0,0,0,0,0,0.1,-1.6,0.1,2,3,0.1,0.5
313,2,7,746,2,2,1,2,25,986,1,0,2,0.1,NaN,4,3,1,0,-1,0,-0.2,0,-0.9,-1.6,6.89365635460264,0,0,0,0,0,0,0,0,0,0,0,4,0,0.4,-1.6,0,0,0,0,0,0,0,0,0,0,0,1,0.1,-1.6,0.1,2,3,0.1,0.5
313,2,8,746,3,0,0,0,2,887,0,0,0,3,NaN,4,2,1,0,-2,0,0,0,0,4,6.78784498230958,1,0,0,0,0,0,0,0,0,0,0,0,0,0,0,0,0,0,0,0,0,0,0,0,0,0,1,3,0,3,2,3,0.1,0.5
313,2,9,746,4,0,0,0,25,617,0,0,0,3,NaN,4,1,1,0,0,0,0,0,0,4,6.42486902390539,1,0,0,0,0,0,0,0,0,0,0,0,0,0,0,0,0,0,0,0,0,0,0,0,0,0,1,3,0,3,2,3,0.1,0.5
313,2,10,743,1,3,1,2,2,817,0,2,1,0.1,NaN,3,3,1,0,0,0,-0.03,2,0,-1.7,6.70563909486,0,0,0,0,0,0,0,0,0,0,0,4,1,1.3,-1.7,0,0,0,0,0,0,0,0,0,0,0,0,0.1,-1.7,0.1,1,3,0.1,0.5
313,2,11,743,2,2,2,1,2,1036,1,0,3,0.5,NaN,3,2,1,0,-1,1,0.2,0,-0.5,0.5,6.94312242281943,0,0,0,0,0,0,0,0,0,0,0,5,0,2.5,0.5,0,0,0,0,0,0,0,0,0,0,0,1,0.5,0.5,0.5,1,3,0.1,0.5
313,2,12,743,3,0,0,0,25,635,0,0,0,3,NaN,3,1,1,0,-2,0,0,0,0,4,6.45362499889269,1,0,0,0,0,0,0,0,0,0,0,0,0,0,0,0,0,0,0,0,0,0,0,0,0,0,1,3,0,3,1,3,0.1,0.5
313,2,13,961,1,3,1,2,2,1448,0,2,0,0.3,NaN,5,5,1,0,0,1,0.011115,2,0,-1.4,7.27793857294566,0,0,0,0,0,0,0,0,0,0,0,3,1,1.6,-1.4,0,0,0,0,0,0,0,0,0,0,0,0,0.3,-1.4,0.3,0,0,0.3,0.5
313,2,14,961,2,2,1,1,2,1648,1,0,0,0.3,NaN,5,4,1,0,-1,0,-0.00625000000000009,0,-0.7,-1.4,7.40731771046942,0,0,0,0,0,0,0,0,0,0,0,2,0,0.6,-1.4,0,0,0,0,0,0,0,0,0,0,0,1,0.3,-1.4,0.3,0,0,0.3,0.5
313,2,15,961,3,0,0,0,2,736,0,0,0,0,NaN,5,3,1,0,-2,0,0,0,0,-2,6.60123011872888,1,0,0,0,0,0,0,0,0,0,0,0,0,0,0,0,0,0,0,0,0,0,0,0,0,0,1,0,0,0,0,0,0.3,0.5
313,2,16,961,4,0,0,0,2,396,0,0,0,0,NaN,5,2,1,0,0,0,0,0,0,-2,5.98141421125448,1,0,0,0,0,0,0,0,0,0,0,0,0,0,0,0,0,0,0,0,0,0,0,0,0,0,1,0,0,0,0,0,0.3,0.5
313,2,17,961,5,0,0,0,25,411,0,0,0,0,NaN,5,1,1,0,0,0,0,0,0,-2,6.01859321449623,1,0,0,0,0,0,0,0,0,0,0,0,0,0,0,0,0,0,0,0,0,0,0,0,0,0,1,0,0,0,0,0,0.3,0.5
313,2,18,176,1,2,2,1,2,1556,1,0,3,0.4,NaN,5,5,2,0,0,1,0.149,0,-0.6,2.22044604925031e-16,7.34987370473834,0,0,0,0,0,0,0,0,0,0,0,5,0,2,0,0,0,0,0,0,0,0,0,0,0,0,1,0.4,0,0.4,2,3,0.2,0.4
313,2,19,176,2,0,0,0,2,815,0,0,0,3,NaN,5,4,2,0,-2,0,0,0,0,4,6.70318811324086,1,0,0,0,0,0,0,0,0,0,0,0,0,0,0,0,0,0,0,0,0,0,0,0,0,0,1,3,0,3,2,3,0.2,0.4
313,2,20,176,3,0,0,0,25,111,0,0,0,3,NaN,5,3,2,0,0,0,0,0,0,4,4.70953020131233,1,0,0,0,0,0,0,0,0,0,0,0,0,0,0,0,0,0,0,0,0,0,0,0,0,0,1,3,0,3,2,3,0.2,0.4
313,2,21,176,4,0,0,0,25,507,0,0,0,3,NaN,5,2,2,0,0,0,0,0,0,4,6.22851100359118,1,0,0,0,0,0,0,0,0,0,0,0,0,0,0,0,0,0,0,0,0,0,0,0,0,0,1,3,0,3,2,3,0.2,0.4
313,2,22,176,5,0,0,0,25,237,0,0,0,3,NaN,5,1,2,0,0,0,0,0,0,4,5.46806014113513,1,0,0,0,0,0,0,0,0,0,0,0,0,0,0,0,0,0,0,0,0,0,0,0,0,0,1,3,0,3,2,3,0.2,0.4
313,2,23,1191,1,3,2,1,2,659,1,1,1,0.9,NaN,4,4,2,0,0,1,0.156,2,0,0.7,6.49072353450251,0,0,0,0,0,0,0,0,0,0,0,4,1,3.7,0.7,0,0,0,0,0,0,0,0,0,0,0,0,0.9,0.7,0.9,1,1,0.5,0.9
313,2,24,1191,2,1,1,2,25,1076,1,0,1,0.5,NaN,4,3,2,0,-2,1,0.4,1,0.5,-0.5,6.98100574072173,0,0,0,0,0,0,0,0,0,0,1,2,0,1,0,0,0,0,0,0,0,0,0,0,0,0,1,1,1,1,1,1,0.5,0.9
313,2,25,1191,3,0,0,0,2,583,0,0,0,1,NaN,4,2,2,0,-1,0,0,0,0,0,6.36818718635049,1,0,0,0,0,0,0,0,0,0,0,0,0,0,0,0,0,0,0,0,0,0,0,0,0,0,1,1,0,1,1,1,0.5,0.9
313,2,26,1191,4,0,0,0,25,337,0,0,0,1,NaN,4,1,2,0,0,0,0,0,0,0,5.82008293035236,1,0,0,0,0,0,0,0,0,0,0,0,0,0,0,0,0,0,0,0,0,0,0,0,0,0,1,1,0,1,1,1,0.5,0.9
313,2,27,959,1,3,2,1,25,987,0,2,4,0.4,NaN,4,4,2,0,0,1,0.235,2,0,0.4,6.89467003943348,0,0,0,0,0,0,0,0,0,0,0,5,1,2.6,-0.4,0,0,0,0,0,0,0,0,0,0,0,0,0.4,-0.4,0.4,3,4,0.3,0.4
313,2,28,959,2,2,1,2,25,772,1,5,3,0.3,NaN,4,3,2,0,-1,0,-0.05,0,-0.7,-0.5,6.64898455002478,0,0,0,0,0,0,0,0,0,0,0,5,0,1.5,-0.5,0,0,0,0,0,0,0,0,0,0,0,1,0.3,-0.5,0.3,3,4,0.3,0.4
313,2,29,959,3,5,2,2,2,1459,0,4,4,0.4,NaN,4,2,2,1,3,2,0,2,0,0.4,7.28550654852279,1,0,0,0,0,0,0,0,0,0,0,5,3,3.8,-1.2,0,0,0,0,0,0,0,0,0,0,0,0,0.4,-1.2,0,3,4,0.3,0.4
313,2,30,959,4,4,2,1,2,673,1,2,4,0.4,NaN,4,1,2,1,-1,2,0,2,0,0.4,6.51174532964473,1,0,0,0,0,0,0,0,0,0,0,5,2,3.2,-0.8,0,0,0,0,0,0,0,0,0,0,0,0,0.4,-0.8,0,3,4,0.3,0.4
313,2,31,512,1,2,1,2,2,1308,0,1,0,0.5,NaN,3,3,2,0,-2,0,-0.225,0,-0.5,-1,7.17625453201714,0,0,0,0,0,0,0,0,0,0,0,2,0,1,-1,0,0,0,0,0,0,0,0,0,0,0,1,0.5,-1,0.5,0,1,0.5,0.9
313,2,32,512,2,1,2,2,25,573,1,2,1,0.9,NaN,3,2,2,0,-1,1,0.9,1,0.9,0.7,6.35088571671474,0,0,0,0,0,0,0,0,0,0,1,2,0,1.8,0.8,0,0,0,0,0,0,0,0,0,0,0,1,1,1,1,0,1,0.5,0.9
313,2,33,512,3,2,1,2,2,1155,0,1,0,0.5,NaN,3,1,2,1,1,0,-0.5,0,-0.5,-1,7.05185562295589,0,0,0,0,0,0,0,0,0,0,0,2,0,1,-1,0,0,0,0,0,0,0,0,0,0,0,1,0.5,-1,0,0,1,0.5,0.9
313,2,34,1150,1,3,2,2,NaN,2000,0,2,2,0.6,NaN,5,5,2,0,-1,1,0.20045,2,0,0.4,7.60090245954208,0,0,0,0,0,0,0,0,0,0,0,5,1,3.4,0.4,0,0,0,0,0,0,0,0,0,0,0,0,0.6,0.4,0.6,2,2,0.5,0.6
313,2,35,1150,2,2,2,1,2,691,1,4,2,0.6,NaN,5,4,2,0,-1,1,0.05,0,-0.4,0.4,6.53813982376767,0,0,0,0,0,0,0,0,0,0,0,4,0,2.4,0.4,0,0,0,0,0,0,0,0,0,0,0,1,0.6,0.4,0.6,2,2,0.5,0.6
313,2,36,1150,3,4,2,1,25,983,0,3,2,0.6,NaN,5,3,2,1,2,0,-0.17,2,0,0.4,6.89060912014717,0,0,0,0,0,0,0,0,0,0,0,5,2,3.8,-0.2,0,0,0,0,0,0,0,0,0,0,0,0,0.6,-0.2,0,2,2,0.5,0.6
313,2,37,1150,4,3,1,1,2,942,1,5,2,0.5,NaN,5,2,2,1,-1,0,-0.225,2,0,0,6.84800527457636,0,0,0,0,0,0,0,0,0,0,0,5,1,3,0,0,0,0,0,0,0,0,0,0,0,0,0,0.5,0,0,2,2,0.5,0.6
313,2,38,1150,5,5,2,2,2,978,0,4,2,0.6,NaN,5,1,2,1,2,2,0,2,0,0.4,6.88550967003482,1,0,0,0,0,0,0,0,0,0,0,5,3,4.2,-0.8,0,0,0,0,0,0,0,0,0,0,0,0,0.6,-0.8,0,2,2,0.5,0.6
313,2,39,309,1,2,2,2,2,903,0,1,4,0.6,NaN,3,3,1,0,-1,1,0.15,0,-0.4,1.6,6.80572255341699,0,0,0,0,0,0,0,0,0,0,0,5,0,3,1,0,0,0,0,0,0,0,0,0,0,0,1,0.6,1,0.6,1,4,0.3,0.6
313,2,40,309,2,1,2,1,2,540,1,0,4,0.6,NaN,3,2,1,0,-1,1,0.6,1,0.6,1.6,6.29156913955832,0,0,0,0,0,0,0,0,0,0,1,5,0,3,2,0,0,0,0,0,0,0,0,0,0,0,1,1,1,1,1,4,0.3,0.6
313,2,41,309,3,0,0,0,2,828,0,0,0,4,NaN,3,1,1,0,-1,0,0,0,0,6,6.71901315438526,1,0,0,0,0,0,0,0,0,0,0,0,0,0,0,0,0,0,0,0,0,0,0,0,0,0,1,4,0,4,1,4,0.3,0.6
313,2,42,1072,1,3,1,2,2,1232,0,2,1,0.4,NaN,4,4,1,0,0,1,0.096,2,0,-0.8,7.11639414409346,0,0,0,0,0,0,0,0,0,0,0,4,1,2.2,-0.8,0,0,0,0,0,0,0,0,0,0,0,0,0.4,-0.8,0.4,1,2,0.4,0.6
313,2,43,1072,2,2,1,2,25,1360,1,3,1,0.4,NaN,4,3,1,0,-1,0,-0.1,0,-0.6,-0.8,7.2152399787301,0,0,0,0,0,0,0,0,0,0,0,3,0,1.2,-0.8,0,0,0,0,0,0,0,0,0,0,0,1,0.4,-0.8,0.4,1,2,0.4,0.6
313,2,44,1072,3,3,2,2,25,1110,1,1,2,0.6,NaN,4,2,1,1,1,0,-0.2,2,0,0.4,7.01211529430638,0,0,0,0,0,0,0,0,0,0,0,5,1,3.4,0.4,0,0,0,0,0,0,0,0,0,0,0,0,0.6,0.4,0,1,2,0.4,0.6
313,2,45,1072,4,1,2,2,25,607,1,3,2,0.6,NaN,4,1,1,0,-2,1,0.6,1,0.6,0.4,6.4085287910595,0,0,0,0,0,0,0,0,0,0,1,3,0,1.8,0.8,0,0,0,0,0,0,0,0,0,0,0,1,1,1,1,1,2,0.4,0.6
313,2,46,57,1,2,1,1,25,1750,0,1,2,0.1,NaN,3,3,2,0,2,0,-0.15,0,-0.9,-1.6,7.46737106691756,0,0,0,0,0,0,0,0,0,0,0,4,0,0.4,-1.6,0,0,0,0,0,0,0,0,0,0,0,1,0.1,-1.6,0.1,2,4,0.1,0.4
313,2,47,57,2,1,1,1,2,975,1,0,2,0.1,NaN,3,2,2,0,-1,1,0.1,1,0.1,-1.6,6.88243747099785,0,0,0,0,0,0,0,0,0,0,1,3,0,0.3,-0.7,0,0,0,0,0,0,0,0,0,0,0,1,1,1,1,2,4,0.1,0.4
313,2,48,57,3,0,0,0,2,593,0,0,0,4,NaN,3,1,2,0,-1,0,0,0,0,6,6.38519439899773,1,0,0,0,0,0,0,0,0,0,0,0,0,0,0,0,0,0,0,0,0,0,0,0,0,0,1,4,0,4,2,4,0.1,0.4
313,3,1,77,1,2,1,2,2,1319,0,1,0,0.1,NaN,5,5,1,0,0,0,-0.119595,0,-0.9,-1.8,7.18462915271731,0,0,0,0,0,0,0,0,0,0,0,2,0,0.2,-1.8,0,0,0,0,0,0,0,0,0,0,0,1,0.1,-1.8,0.1,0,1,0.1,0.6
313,3,2,77,2,1,2,2,25,758,1,2,1,0.6,NaN,5,4,1,0,-1,1,0.27525,1,0.6,-0.2,6.63068338564237,0,0,0,0,0,0,0,0,0,0,1,2,0,1.2,0.2,0,0,0,0,0,0,0,0,0,0,0,1,1,1,1,0,1,0.1,0.6
313,3,3,77,3,2,1,1,25,1149,0,1,0,0.1,NaN,5,3,1,0,1,0,-0.27,0,-0.9,-1.8,7.04664727784876,0,0,0,0,0,0,0,0,0,0,0,2,0,0.2,-1.8,0,0,0,0,0,0,0,0,0,0,0,1,0.1,-1.8,0.1,0,1,0.1,0.6
313,3,4,77,4,1,2,2,25,727,1,2,1,0.6,NaN,5,2,1,0,-1,1,0.6,1,0.6,-0.2,6.58892647753352,0,0,0,0,0,0,0,0,0,0,1,2,0,1.2,0.2,0,0,0,0,0,0,0,0,0,0,0,1,1,1,1,0,1,0.1,0.6
313,3,5,77,5,2,1,1,25,1056,0,1,0,0.1,NaN,5,1,1,1,1,0,-0.9,0,-0.9,-1.8,6.96224346426621,0,0,0,0,0,0,0,0,0,0,0,2,0,0.2,-1.8,0,0,0,0,0,0,0,0,0,0,0,1,0.1,-1.8,0,0,1,0.1,0.6
313,3,6,450,1,2,1,1,2,714,1,0,4,0.4,NaN,4,4,2,0,-1,0,-0.25,0,-0.6,0.4,6.57088296233958,0,0,0,0,0,0,0,0,0,0,0,5,0,2,0,0,0,0,0,0,0,0,0,0,0,0,1,0.4,0,0.4,4,4,0.4,0.9
313,3,7,450,2,0,0,0,25,619,0,0,0,4,NaN,4,3,2,0,-2,0,0,0,0,6,6.4281052726846,1,0,0,0,0,0,0,0,0,0,0,0,0,0,0,0,0,0,0,0,0,0,0,0,0,0,1,4,0,4,4,4,0.4,0.9
313,3,8,450,3,0,0,0,25,520,0,0,0,4,NaN,4,2,2,0,0,0,0,0,0,6,6.25382881157547,1,0,0,0,0,0,0,0,0,0,0,0,0,0,0,0,0,0,0,0,0,0,0,0,0,0,1,4,0,4,4,4,0.4,0.9
313,3,9,450,4,0,0,0,25,639,0,0,0,4,NaN,4,1,2,0,0,0,0,0,0,6,6.45990445437753,1,0,0,0,0,0,0,0,0,0,0,0,0,0,0,0,0,0,0,0,0,0,0,0,0,0,1,4,0,4,4,4,0.4,0.9
313,3,10,382,1,2,2,1,2,986,1,4,2,0.5,NaN,4,4,1,0,0,1,0.155,0,-0.5,0,6.89365635460264,0,0,0,0,0,0,0,0,0,0,0,4,0,2,0,0,0,0,0,0,0,0,0,0,0,0,1,0.5,0,0.5,1,2,0.4,0.5
313,3,11,382,2,4,1,1,25,1134,0,3,1,0.4,NaN,4,3,1,1,2,0,-0.315,2,0,-0.8,7.0335064842877,0,0,0,0,0,0,0,0,0,0,0,5,2,3.2,-0.8,0,0,0,0,0,0,0,0,0,0,0,0,0.4,-0.8,0,1,2,0.4,0.5
313,3,12,382,3,3,1,1,25,1528,0,2,1,0.4,NaN,4,2,1,1,-1,0,-0.33,2,0,-0.8,7.33171496972647,0,0,0,0,0,0,0,0,0,0,0,4,1,2.2,-0.8,0,0,0,0,0,0,0,0,0,0,0,0,0.4,-0.8,0,1,2,0.4,0.5
313,3,13,382,4,2,1,2,2,1518,0,1,1,0.4,NaN,4,1,1,1,-1,0,-0.6,0,-0.6,-0.8,7.32514895795557,0,0,0,0,0,0,0,0,0,0,0,3,0,1.2,-0.8,0,0,0,0,0,0,0,0,0,0,0,1,0.4,-0.8,0,1,2,0.4,0.5
313,3,14,1116,1,3,2,2,25,757,1,4,1,0.9,NaN,3,3,2,0,-1,1,0.19,2,0,0.7,6.62936325343745,0,0,0,0,0,0,0,0,0,0,0,4,1,3.7,0.7,0,0,0,0,0,0,0,0,0,0,0,0,0.9,0.7,0.9,1,1,0.4,0.9
313,3,15,1116,2,4,1,1,25,1202,0,3,1,0.4,NaN,3,2,2,1,1,2,0,2,0,-0.8,7.09174211509515,1,0,0,0,0,0,0,0,0,0,0,5,2,3.2,-0.8,0,0,0,0,0,0,0,0,0,0,0,0,0.4,-0.8,0,1,1,0.4,0.9
313,3,16,1116,3,3,2,2,25,1056,1,4,1,0.9,NaN,3,1,2,1,-1,2,0,2,0,0.7,6.96224346426621,1,0,0,0,0,0,0,0,0,0,0,4,1,3.7,0.7,0,0,0,0,0,0,0,0,0,0,0,0,0.9,0.7,0,1,1,0.4,0.9
313,3,17,1103,1,3,2,1,2,1115,1,5,3,0.8,NaN,5,5,2,0,1,1,0.238,2,0,2,7.01660968389422,0,0,0,0,0,0,0,0,0,0,0,5,1,4.2,1.2,0,0,0,0,0,0,0,0,0,0,0,0,0.8,1.2,0.8,1,3,0.4,0.8
313,3,18,1103,2,5,1,1,25,807,0,4,1,0.4,NaN,5,4,2,1,2,0,-0.096,2,0,-0.8,6.69332366826995,0,0,0,0,0,0,0,0,0,0,0,5,3,3.8,-1.2,0,0,0,0,0,0,0,0,0,0,0,0,0.4,-1.2,0,1,3,0.4,0.8
313,3,19,1103,3,4,2,1,2,1192,1,5,3,0.8,NaN,5,3,2,1,-1,0,-0.06,2,0,2,7.0833878476253,0,0,0,0,0,0,0,0,0,0,0,5,2,4.4,0.4,0,0,0,0,0,0,0,0,0,0,0,0,0.8,0.4,0,1,3,0.4,0.8
313,3,20,1103,4,5,2,1,25,1016,0,4,3,0.8,NaN,5,2,2,1,1,2,0,2,0,2,6.92362862813843,1,0,0,0,0,0,0,0,0,0,0,5,3,4.6,-0.4,0,0,0,0,0,0,0,0,0,0,0,0,0.8,-0.4,0,1,3,0.4,0.8
313,3,21,1103,5,4,1,1,25,730,0,3,1,0.4,NaN,5,1,2,1,-1,2,0,2,0,-0.8,6.59304453414244,1,0,0,0,0,0,0,0,0,0,0,5,2,3.2,-0.8,0,0,0,0,0,0,0,0,0,0,0,0,0.4,-0.8,0,1,3,0.4,0.8
313,3,22,563,1,2,1,1,25,963,0,1,1,0.6,NaN,3,3,1,0,-1,0,-0.1,0,-0.4,-0.2,6.87005341179813,0,0,0,0,0,0,0,0,0,0,0,3,0,1.8,-0.2,0,0,0,0,0,0,0,0,0,0,0,1,0.6,-0.2,0.6,1,3,0.6,0.8
313,3,23,563,2,1,1,1,2,773,1,2,1,0.6,NaN,3,2,1,0,-1,1,0.6,1,0.6,-0.2,6.65027904858742,0,0,0,0,0,0,0,0,0,0,1,2,0,1.2,0.2,0,0,0,0,0,0,0,0,0,0,0,1,1,1,1,1,3,0.6,0.8
313,3,24,563,3,2,2,1,2,522,1,0,3,0.8,NaN,3,1,1,1,1,0,-0.2,0,-0.2,2,6.25766758788264,0,0,0,0,0,0,0,0,0,0,0,5,0,4,2,0,0,0,0,0,0,0,0,0,0,0,1,0.8,2,0,1,3,0.6,0.8
313,3,25,387,1,2,2,1,2,1195,1,0,4,0.5,NaN,5,5,1,0,-2,1,0.1105,0,-0.5,1,7.08590146436561,0,0,0,0,0,0,0,0,0,0,0,5,0,2.5,0.5,0,0,0,0,0,0,0,0,0,0,0,1,0.5,0.5,0.5,2,4,0.4,0.5
313,3,26,387,2,0,0,0,25,334,0,0,0,4,NaN,5,4,1,0,-2,0,0,0,0,6,5.8111409929767,1,0,0,0,0,0,0,0,0,0,0,0,0,0,0,0,0,0,0,0,0,0,0,0,0,0,1,4,0,4,2,4,0.4,0.5
313,3,27,387,3,0,0,0,2,529,0,0,0,4,NaN,5,3,1,0,0,0,0,0,0,6,6.2709884318583,1,0,0,0,0,0,0,0,0,0,0,0,0,0,0,0,0,0,0,0,0,0,0,0,0,0,1,4,0,4,2,4,0.4,0.5
313,3,28,387,4,0,0,0,25,338,0,0,0,4,NaN,5,2,1,0,0,0,0,0,0,6,5.82304589548302,1,0,0,0,0,0,0,0,0,0,0,0,0,0,0,0,0,0,0,0,0,0,0,0,0,0,1,4,0,4,2,4,0.4,0.5
313,3,29,387,5,0,0,0,25,424,0,0,0,4,NaN,5,1,1,0,0,0,0,0,0,6,6.04973345523196,1,0,0,0,0,0,0,0,0,0,0,0,0,0,0,0,0,0,0,0,0,0,0,0,0,0,1,4,0,4,2,4,0.4,0.5
313,3,30,291,1,2,2,1,2,774,1,0,1,0.5,NaN,3,3,1,0,0,1,0.1,0,-0.5,-0.5,6.65157187358973,0,0,0,0,0,0,0,0,0,0,0,3,0,1.5,-0.5,0,0,0,0,0,0,0,0,0,0,0,1,0.5,-0.5,0.5,1,1,0.3,0.5
313,3,31,291,2,0,0,0,25,710,0,0,0,1,NaN,3,2,1,0,-2,0,0,0,0,0,6.56526497003536,1,0,0,0,0,0,0,0,0,0,0,0,0,0,0,0,0,0,0,0,0,0,0,0,0,0,1,1,0,1,1,1,0.3,0.5
313,3,32,291,3,0,0,0,2,435,0,0,0,1,NaN,3,1,1,0,0,0,0,0,0,0,6.07534603108868,1,0,0,0,0,0,0,0,0,0,0,0,0,0,0,0,0,0,0,0,0,0,0,0,0,0,1,1,0,1,1,1,0.3,0.5
313,3,33,576,1,2,2,2,25,648,1,3,1,0.9,NaN,4,4,1,0,0,1,0.225,0,-0.1,0.7,6.47389069635227,0,0,0,0,0,0,0,0,0,0,0,3,0,2.7,0.7,0,0,0,0,0,0,0,0,0,0,0,1,0.9,0.7,0.9,1,1,0.6,0.9
313,3,34,576,2,3,1,1,25,1057,0,2,1,0.6,NaN,4,3,1,0,1,1,0.075,2,0,-0.2,6.96318998587024,0,0,0,0,0,0,0,0,0,0,0,4,1,2.8,-0.2,0,0,0,0,0,0,0,0,0,0,0,0,0.6,-0.2,0.6,1,1,0.6,0.9
313,3,35,576,3,2,2,1,2,777,1,3,1,0.9,NaN,4,2,1,0,-1,1,0.15,0,-0.1,0.7,6.65544035036765,0,0,0,0,0,0,0,0,0,0,0,3,0,2.7,0.7,0,0,0,0,0,0,0,0,0,0,0,1,0.9,0.7,0.9,1,1,0.6,0.9
313,3,36,576,4,3,2,2,25,787,1,4,1,0.9,NaN,4,1,1,1,1,2,0,2,0,0.7,6.6682282484174,1,0,0,0,0,0,0,0,0,0,0,4,1,3.7,0.7,0,0,0,0,0,0,0,0,0,0,0,0,0.9,0.7,0,1,1,0.6,0.9
313,3,37,1174,1,3,2,2,25,595,1,5,3,0.8,NaN,4,4,2,0,1,1,0.226875,2,0,2,6.38856140554563,0,0,0,0,0,0,0,0,0,0,0,5,1,4.2,1.2,0,0,0,0,0,0,0,0,0,0,0,0,0.8,1.2,0.8,0,3,0.5,0.8
313,3,38,1174,2,5,2,2,2,1509,0,4,3,0.8,NaN,4,3,2,1,2,2,0,2,0,2,7.31920245876785,1,0,0,0,0,0,0,0,0,0,0,5,3,4.6,-0.4,0,0,0,0,0,0,0,0,0,0,0,0,0.8,-0.4,0,0,3,0.5,0.8
313,3,39,1174,3,4,2,1,2,791,1,5,3,0.8,NaN,4,2,2,1,-1,2,0,2,0,2,6.67329796776765,1,0,0,0,0,0,0,0,0,0,0,5,2,4.4,0.4,0,0,0,0,0,0,0,0,0,0,0,0,0.8,0.4,0,0,3,0.5,0.8
313,3,40,1174,4,5,2,1,25,735,0,4,3,0.8,NaN,4,1,2,1,1,2,0,2,0,2,6.59987049921284,1,0,0,0,0,0,0,0,0,0,0,5,3,4.6,-0.4,0,0,0,0,0,0,0,0,0,0,0,0,0.8,-0.4,0,0,3,0.5,0.8
313,3,41,498,1,2,1,1,25,1179,0,1,0,0.5,NaN,3,3,2,0,-1,0,-0.2,0,-0.5,-1,7.07242190053737,0,0,0,0,0,0,0,0,0,0,0,2,0,1,-1,0,0,0,0,0,0,0,0,0,0,0,1,0.5,-1,0.5,0,2,0.5,0.8
313,3,42,498,2,1,1,2,NaN,2000,0,0,0,0.5,NaN,3,2,2,0,-1,1,0.325,1,0.5,-1,7.60090245954208,0,0,0,0,0,0,0,0,0,0,1,1,0,0.5,-0.5,0,0,0,0,0,0,0,0,0,0,0,1,1,1,1,0,2,0.5,0.8
313,3,43,498,3,0,0,0,25,615,0,0,0,2,NaN,3,1,2,0,-1,0,0,0,0,2,6.42162226780652,1,0,0,0,0,0,0,0,0,0,0,0,0,0,0,0,0,0,0,0,0,0,0,0,0,0,1,2,0,2,0,2,0.5,0.8
313,3,44,1154,1,3,1,2,25,767,1,5,3,0.5,NaN,5,5,2,0,0,1,0.2,2,0,0.5,6.64248680136726,0,0,0,0,0,0,0,0,0,0,0,5,1,3,0,0,0,0,0,0,0,0,0,0,0,0,0,0.5,0,0.5,3,4,0.5,0.6
313,3,45,1154,2,5,2,2,2,843,0,4,4,0.6,NaN,5,4,2,1,2,0,-0.081,2,0,1.6,6.73696695800186,0,0,0,0,0,0,0,0,0,0,0,5,3,4.2,-0.8,0,0,0,0,0,0,0,0,0,0,0,0,0.6,-0.8,0,3,4,0.5,0.6
313,3,46,1154,3,4,1,2,2,1016,0,3,3,0.5,NaN,5,3,2,1,-1,0,-0.2125,2,0,0.5,6.92362862813843,0,0,0,0,0,0,0,0,0,0,0,5,2,3.5,-0.5,0,0,0,0,0,0,0,0,0,0,0,0,0.5,-0.5,0,3,4,0.5,0.6
313,3,47,1154,4,3,1,1,2,1521,1,1,3,0.5,NaN,5,2,2,1,-1,0,-0.225,2,0,0.5,7.32712329225929,0,0,0,0,0,0,0,0,0,0,0,5,1,3,0,0,0,0,0,0,0,0,0,0,0,0,0,0.5,0,0,3,4,0.5,0.6
313,3,48,1154,5,1,2,2,25,515,1,0,4,0.6,NaN,5,1,2,0,-2,1,0.6,1,0.6,1.6,6.24416690066374,0,0,0,0,0,0,0,0,0,0,1,5,0,3,2,0,0,0,0,0,0,0,0,0,0,0,1,1,1,1,3,4,0.5,0.6
313,4,1,377,1,2,1,1,25,828,0,1,0,0.4,NaN,3,3,2,0,-1,0,-0.15,0,-0.6,-1.2,6.71901315438526,0,0,0,0,0,0,0,0,0,0,0,2,0,0.8,-1.2,0,0,0,0,0,0,0,0,0,0,0,1,0.4,-1.2,0.4,0,1,0.4,0.5
313,4,2,377,2,1,1,2,25,1312,1,1,0,0.4,NaN,3,2,2,0,-1,1,0.18,1,0.4,-1.2,7.17930796950403,0,0,0,0,0,0,0,0,0,0,1,1,0,0.4,-0.6,0,0,0,0,0,0,0,0,0,0,0,1,1,1,1,0,1,0.4,0.5
313,4,3,377,3,1,1,2,25,1418,1,0,0,0.4,NaN,3,1,2,0,0,1,0.4,1,0.4,-1.2,7.25700270709207,0,0,0,0,0,0,0,0,0,0,1,1,0,0.4,-0.6,0,0,0,0,0,0,0,0,0,0,0,1,1,1,1,0,1,0.4,0.5
313,4,4,515,1,2,1,2,2,841,0,1,0,0.5,NaN,4,4,2,0,-1,0,-0.225,0,-0.5,-1,6.73459165997295,0,0,0,0,0,0,0,0,0,0,0,2,0,1,-1,0,0,0,0,0,0,0,0,0,0,0,1,0.5,-1,0.5,0,4,0.5,0.9
313,4,5,515,2,1,2,2,25,581,1,5,4,0.9,NaN,4,3,2,0,-1,1,0.9,1,0.9,3.4,6.36475075685191,0,0,0,0,0,0,0,0,0,0,1,5,0,4.5,3.5,0,0,0,0,0,0,0,0,0,0,0,1,1,1,1,0,4,0.5,0.9
313,4,6,515,3,5,2,2,2,1135,0,4,4,0.9,NaN,4,2,2,1,4,2,0,2,0,3.4,7.0343879299155,1,0,0,0,0,0,0,0,0,0,0,5,3,4.8,-0.2,0,0,0,0,0,0,0,0,0,0,0,0,0.9,-0.2,0,0,4,0.5,0.9
313,4,7,515,4,4,1,1,25,1292,0,3,0,0.5,NaN,4,1,2,1,-1,2,0,2,0,-1,7.16394668434255,1,0,0,0,0,0,0,0,0,0,0,4,2,3,-1,0,0,0,0,0,0,0,0,0,0,0,0,0.5,-1,0,0,4,0.5,0.9
313,4,8,188,1,2,1,1,25,859,0,1,1,0.2,NaN,5,5,1,0,-1,0,-0.184475,0,-0.8,-1.4,6.75576892198426,0,0,0,0,0,0,0,0,0,0,0,3,0,0.6,-1.4,0,0,0,0,0,0,0,0,0,0,0,1,0.2,-1.4,0.2,1,3,0.2,0.5
313,4,9,188,2,1,2,2,25,877,1,4,3,0.5,NaN,5,4,1,0,-1,1,0.5,1,0.5,0.5,6.77650699237218,0,0,0,0,0,0,0,0,0,0,1,4,0,2,1,0,0,0,0,0,0,0,0,0,0,0,1,1,1,1,1,3,0.2,0.5
313,4,10,188,3,4,1,2,2,714,0,3,1,0.2,NaN,5,3,1,1,3,0,-0.46,2,0,-1.4,6.57088296233958,0,0,0,0,0,0,0,0,0,0,0,5,2,2.6,-1.4,0,0,0,0,0,0,0,0,0,0,0,0,0.2,-1.4,0,1,3,0.2,0.5
313,4,11,188,4,3,1,1,25,899,0,2,1,0.2,NaN,5,2,1,1,-1,0,-0.52,2,0,-1.4,6.80128303447162,0,0,0,0,0,0,0,0,0,0,0,4,1,1.6,-1.4,0,0,0,0,0,0,0,0,0,0,0,0,0.2,-1.4,0,1,3,0.2,0.5
313,4,12,188,5,2,1,1,25,779,0,1,1,0.2,NaN,5,1,1,1,-1,0,-0.8,0,-0.8,-1.4,6.65801104587075,0,0,0,0,0,0,0,0,0,0,0,3,0,0.6,-1.4,0,0,0,0,0,0,0,0,0,0,0,1,0.2,-1.4,0,1,3,0.2,0.5
313,4,13,551,1,2,2,1,2,713,1,5,3,0.7,NaN,3,3,1,0,-1,1,0.05,0,-0.3,1.5,6.5694814204143,0,0,0,0,0,0,0,0,0,0,0,5,0,3.5,1.5,0,0,0,0,0,0,0,0,0,0,0,1,0.7,1.5,0.7,2,3,0.6,0.7
313,4,14,551,2,5,2,2,2,937,0,4,3,0.7,NaN,3,2,1,1,3,2,0,2,0,1.5,6.84268328223842,1,0,0,0,0,0,0,0,0,0,0,5,3,4.4,-0.6,0,0,0,0,0,0,0,0,0,0,0,0,0.7,-0.6,0,2,3,0.6,0.7
313,4,15,551,3,4,2,1,25,844,0,3,3,0.7,NaN,3,1,1,1,-1,2,0,2,0,1.5,6.73815249459596,1,0,0,0,0,0,0,0,0,0,0,5,2,4.1,0.0999999999999996,0,0,0,0,0,0,0,0,0,0,0,0,0.7,0.0999999999999996,0,2,3,0.6,0.7
313,4,16,299,1,2,2,1,2,916,1,0,4,0.5,NaN,4,4,1,0,-1,1,0.1,0,-0.5,1,6.82001636467413,0,0,0,0,0,0,0,0,0,0,0,5,0,2.5,0.5,0,0,0,0,0,0,0,0,0,0,0,1,0.5,0.5,0.5,3,4,0.3,0.5
313,4,17,299,2,0,0,0,25,575,0,0,0,4,NaN,4,3,1,0,-2,0,0,0,0,6,6.35437004079735,1,0,0,0,0,0,0,0,0,0,0,0,0,0,0,0,0,0,0,0,0,0,0,0,0,0,1,4,0,4,3,4,0.3,0.5
313,4,18,299,3,0,0,0,25,503,0,0,0,4,NaN,4,2,1,0,0,0,0,0,0,6,6.22059017009974,1,0,0,0,0,0,0,0,0,0,0,0,0,0,0,0,0,0,0,0,0,0,0,0,0,0,1,4,0,4,3,4,0.3,0.5
313,4,19,299,4,0,0,0,2,744,0,0,0,4,NaN,4,1,1,0,0,0,0,0,0,6,6.61204103483309,1,0,0,0,0,0,0,0,0,0,0,0,0,0,0,0,0,0,0,0,0,0,0,0,0,0,1,4,0,4,3,4,0.3,0.5
313,4,20,1228,1,3,1,1,2,743,1,1,3,0.6,NaN,4,4,1,0,0,1,0.185,2,0,1,6.61069604471776,0,0,0,0,0,0,0,0,0,0,0,5,1,3.4,0.4,0,0,0,0,0,0,0,0,0,0,0,0,0.6,0.4,0.6,3,3,0.6,0.7
313,4,21,1228,2,1,1,2,25,638,1,0,3,0.6,NaN,4,3,1,0,-2,1,0.6,1,0.6,1,6.45833828334479,0,0,0,0,0,0,0,0,0,0,1,4,0,2.4,1.4,0,0,0,0,0,0,0,0,0,0,0,1,1,1,1,3,3,0.6,0.7
313,4,22,1228,3,0,0,0,25,1551,0,0,0,3,NaN,4,2,1,0,-1,0,0,0,0,4,7.34665516317654,1,0,0,0,0,0,0,0,0,0,0,0,0,0,0,0,0,0,0,0,0,0,0,0,0,0,1,3,0,3,3,3,0.6,0.7
313,4,23,1228,4,0,0,0,25,610,0,0,0,3,NaN,4,1,1,0,0,0,0,0,0,4,6.41345895716736,1,0,0,0,0,0,0,0,0,0,0,0,0,0,0,0,0,0,0,0,0,0,0,0,0,0,1,3,0,3,3,3,0.6,0.7
313,4,24,1248,1,3,1,2,2,758,0,2,0,0.6,NaN,5,5,1,0,0,1,0.000674999999999953,2,0,-0.8,6.63068338564237,0,0,0,0,0,0,0,0,0,0,0,3,1,2.2,-0.8,0,0,0,0,0,0,0,0,0,0,0,0,0.6,-0.8,0.6,0,2,0.6,0.9
313,4,25,1248,2,2,1,2,2,595,0,1,0,0.6,NaN,5,4,1,0,-1,0,-0.18,0,-0.4,-0.8,6.38856140554563,0,0,0,0,0,0,0,0,0,0,0,2,0,1.2,-0.8,0,0,0,0,0,0,0,0,0,0,0,1,0.6,-0.8,0.6,0,2,0.6,0.9
313,4,26,1248,3,1,1,2,25,565,1,0,0,0.6,NaN,5,3,1,0,-1,1,0.405,1,0.6,-0.8,6.33682573114644,0,0,0,0,0,0,0,0,0,0,1,1,0,0.6,-0.4,0,0,0,0,0,0,0,0,0,0,0,1,1,1,1,0,2,0.6,0.9
313,4,27,1248,4,0,0,0,2,800,0,0,0,2,NaN,5,2,1,0,-1,0,0,0,0,2,6.68461172766793,1,0,0,0,0,0,0,0,0,0,0,0,0,0,0,0,0,0,0,0,0,0,0,0,0,0,1,2,0,2,0,2,0.6,0.9
313,4,28,1248,5,0,0,0,25,549,0,0,0,2,NaN,5,1,1,0,0,0,0,0,0,2,6.30809844150953,1,0,0,0,0,0,0,0,0,0,0,0,0,0,0,0,0,0,0,0,0,0,0,0,0,0,1,2,0,2,0,2,0.6,0.9
313,4,29,499,1,2,1,2,2,886,0,1,0,0.5,NaN,5,5,2,0,0,0,-0.2,0,-0.5,-1,6.78671695060508,0,0,0,0,0,0,0,0,0,0,0,2,0,1,-1,0,0,0,0,0,0,0,0,0,0,0,1,0.5,-1,0.5,0,3,0.5,0.8
313,4,30,499,2,1,1,2,25,784,1,0,0,0.5,NaN,5,4,2,0,-1,1,0.2703125,1,0.5,-1,6.66440902035041,0,0,0,0,0,0,0,0,0,0,1,1,0,0.5,-0.5,0,0,0,0,0,0,0,0,0,0,0,1,1,1,1,0,3,0.5,0.8
313,4,31,499,3,0,0,0,25,377,0,0,0,3,NaN,5,3,2,0,-1,0,0,0,0,4,5.93224518744801,1,0,0,0,0,0,0,0,0,0,0,0,0,0,0,0,0,0,0,0,0,0,0,0,0,0,1,3,0,3,0,3,0.5,0.8
313,4,32,499,4,0,0,0,2,387,0,0,0,3,NaN,5,2,2,0,0,0,0,0,0,4,5.95842469302978,1,0,0,0,0,0,0,0,0,0,0,0,0,0,0,0,0,0,0,0,0,0,0,0,0,0,1,3,0,3,0,3,0.5,0.8
313,4,33,499,5,0,0,0,25,286,0,0,0,3,NaN,5,1,2,0,0,0,0,0,0,4,5.65599181081985,1,0,0,0,0,0,0,0,0,0,0,0,0,0,0,0,0,0,0,0,0,0,0,0,0,0,1,3,0,3,0,3,0.5,0.8
313,4,34,182,1,2,1,2,2,820,0,1,0,0.2,NaN,3,3,1,0,0,0,-0.2,0,-0.8,-1.6,6.7093043402583,0,0,0,0,0,0,0,0,0,0,0,2,0,0.4,-1.6,0,0,0,0,0,0,0,0,0,0,0,1,0.2,-1.6,0.2,0,1,0.2,0.5
313,4,35,182,2,1,2,2,25,599,1,0,1,0.5,NaN,3,2,1,0,-1,1,0.5,1,0.5,-0.5,6.39526159811545,0,0,0,0,0,0,0,0,0,0,1,2,0,1,0,0,0,0,0,0,0,0,0,0,0,0,1,1,1,1,0,1,0.2,0.5
313,4,36,182,3,0,0,0,25,660,0,0,0,1,NaN,3,1,1,0,-1,0,0,0,0,0,6.49223983502047,1,0,0,0,0,0,0,0,0,0,0,0,0,0,0,0,0,0,0,0,0,0,0,0,0,0,1,1,0,1,0,1,0.2,0.5
313,4,37,412,1,2,1,1,2,950,1,0,1,0.4,NaN,5,5,2,0,0,0,-0.098625,0,-0.6,-0.8,6.85646198459459,0,0,0,0,0,0,0,0,0,0,0,3,0,1.2,-0.8,0,0,0,0,0,0,0,0,0,0,0,1,0.4,-0.8,0.4,1,2,0.4,0.7
313,4,38,412,2,0,0,0,25,582,0,0,0,2,NaN,5,4,2,0,-2,0,0,0,0,2,6.36647044773144,1,0,0,0,0,0,0,0,0,0,0,0,0,0,0,0,0,0,0,0,0,0,0,0,0,0,1,2,0,2,1,2,0.4,0.7
313,4,39,412,3,0,0,0,2,831,0,0,0,2,NaN,5,3,2,0,0,0,0,0,0,2,6.72262979485545,1,0,0,0,0,0,0,0,0,0,0,0,0,0,0,0,0,0,0,0,0,0,0,0,0,0,1,2,0,2,1,2,0.4,0.7
313,4,40,412,4,0,0,0,25,477,0,0,0,2,NaN,5,2,2,0,0,0,0,0,0,2,6.16751649088834,1,0,0,0,0,0,0,0,0,0,0,0,0,0,0,0,0,0,0,0,0,0,0,0,0,0,1,2,0,2,1,2,0.4,0.7
313,4,41,412,5,0,0,0,25,594,0,0,0,2,NaN,5,1,2,0,0,0,0,0,0,2,6.38687931936265,1,0,0,0,0,0,0,0,0,0,0,0,0,0,0,0,0,0,0,0,0,0,0,0,0,0,1,2,0,2,1,2,0.4,0.7
313,4,42,493,1,2,1,1,25,1420,0,1,3,0.5,NaN,3,3,2,0,0,0,-0.1,0,-0.5,0.5,7.25841215059531,0,0,0,0,0,0,0,0,0,0,0,5,0,2.5,0.5,0,0,0,0,0,0,0,0,0,0,0,1,0.5,0.5,0.5,3,3,0.5,0.7
313,4,43,493,2,1,2,2,25,859,1,4,3,0.7,NaN,3,2,2,0,-1,1,0.7,1,0.7,1.5,6.75576892198426,0,0,0,0,0,0,0,0,0,0,1,4,0,2.8,1.8,0,0,0,0,0,0,0,0,0,0,0,1,1,1,1,3,3,0.5,0.7
313,4,44,493,3,4,2,1,25,1670,0,3,3,0.7,NaN,3,1,2,1,3,2,0,2,0,1.5,7.4205789054108,1,0,0,0,0,0,0,0,0,0,0,5,2,4.1,0.0999999999999996,0,0,0,0,0,0,0,0,0,0,0,0,0.7,0.0999999999999996,0,3,3,0.5,0.7
313,4,45,1097,1,3,2,1,25,1165,0,2,1,0.8,NaN,4,4,2,0,-1,1,0.2168,2,0,0.4,7.0604763659998,0,0,0,0,0,0,0,0,0,0,0,4,1,3.4,0.4,0,0,0,0,0,0,0,0,0,0,0,0,0.8,0.4,0.8,0,1,0.4,0.8
313,4,46,1097,2,2,1,1,25,1203,0,1,0,0.4,NaN,4,3,2,0,-1,0,-0.24,0,-0.6,-1.2,7.09257371597468,0,0,0,0,0,0,0,0,0,0,0,2,0,0.8,-1.2,0,0,0,0,0,0,0,0,0,0,0,1,0.4,-1.2,0.4,0,1,0.4,0.8
313,4,47,1097,3,1,1,2,25,658,1,0,0,0.4,NaN,4,2,2,0,-1,1,0.24,1,0.4,-1.2,6.48920493132532,0,0,0,0,0,0,0,0,0,0,1,1,0,0.4,-0.6,0,0,0,0,0,0,0,0,0,0,0,1,1,1,1,0,1,0.4,0.8
313,4,48,1097,4,0,0,0,25,632,0,0,0,1,NaN,4,1,2,0,-1,0,0,0,0,0,6.44888939414686,1,0,0,0,0,0,0,0,0,0,0,0,0,0,0,0,0,0,0,0,0,0,0,0,0,0,1,1,0,1,0,1,0.4,0.8
313,5,1,1164,1,3,2,1,2,481,1,1,4,0.7,NaN,3,3,1,0,0,1,0.23,2,0,2.2,6.17586727010576,0,0,0,0,0,0,0,0,0,0,0,5,1,3.8,0.8,0,0,0,0,0,0,0,0,0,0,0,0,0.7,0.8,0.7,1,4,0.5,0.7
313,5,2,1164,2,1,2,1,2,583,1,0,4,0.7,NaN,3,2,1,0,-2,1,0.7,1,0.7,2.2,6.36818718635049,0,0,0,0,0,0,0,0,0,0,1,5,0,3.5,2.5,0,0,0,0,0,0,0,0,0,0,0,1,1,1,1,1,4,0.5,0.7
313,5,3,1164,3,0,0,0,25,548,0,0,0,4,NaN,3,1,1,0,-1,0,0,0,0,6,6.30627528694802,1,0,0,0,0,0,0,0,0,0,0,0,0,0,0,0,0,0,0,0,0,0,0,0,0,0,1,4,0,4,1,4,0.5,0.7
313,5,4,74,1,2,2,2,25,690,1,5,4,0.5,NaN,5,5,1,0,0,1,0.2,0,-0.5,1,6.5366915975913,0,0,0,0,0,0,0,0,0,0,0,5,0,2.5,0.5,0,0,0,0,0,0,0,0,0,0,0,1,0.5,0.5,0.5,3,4,0.1,0.5
313,5,5,74,2,5,1,1,25,901,0,4,3,0.1,NaN,5,4,1,1,3,0,-0.4275,2,0,-1.5,6.80350525760834,0,0,0,0,0,0,0,0,0,0,0,5,3,3.2,-1.8,0,0,0,0,0,0,0,0,0,0,0,0,0.1,-1.8,0,3,4,0.1,0.5
313,5,6,74,3,4,2,2,2,1112,0,3,4,0.5,NaN,5,3,1,1,-1,0,-0.3,2,0,1,7.01391547481053,0,0,0,0,0,0,0,0,0,0,0,5,2,3.5,-0.5,0,0,0,0,0,0,0,0,0,0,0,0,0.5,-0.5,0,3,4,0.1,0.5
313,5,7,74,4,3,2,1,2,997,1,5,4,0.5,NaN,5,2,1,1,-1,0,-0.35,2,0,1,6.90475076996184,0,0,0,0,0,0,0,0,0,0,0,5,1,3,0,0,0,0,0,0,0,0,0,0,0,0,0,0.5,0,0,3,4,0.1,0.5
313,5,8,74,5,5,2,2,2,841,0,4,4,0.5,NaN,5,1,1,1,2,2,0,2,0,1,6.73459165997295,1,0,0,0,0,0,0,0,0,0,0,5,3,4,-1,0,0,0,0,0,0,0,0,0,0,0,0,0.5,-1,0,3,4,0.1,0.5
313,5,9,843,1,3,2,1,2,1108,1,5,2,0.4,NaN,3,3,1,0,-1,1,0.188,2,0,-0.4,7.01031186730723,0,0,0,0,0,0,0,0,0,0,0,5,1,2.6,-0.4,0,0,0,0,0,0,0,0,0,0,0,0,0.4,-0.4,0.4,0,2,0.2,0.4
313,5,10,843,2,5,1,2,2,967,0,4,0,0.2,NaN,3,2,1,1,2,2,0,2,0,-1.6,6.87419849545329,1,0,0,0,0,0,0,0,0,0,0,5,3,3.4,-1.6,0,0,0,0,0,0,0,0,0,0,0,0,0.2,-1.6,0,0,2,0.2,0.4
313,5,11,843,3,4,1,1,25,965,0,3,0,0.2,NaN,3,1,1,1,-1,2,0,2,0,-1.6,6.87212810133899,1,0,0,0,0,0,0,0,0,0,0,4,2,2.4,-1.6,0,0,0,0,0,0,0,0,0,0,0,0,0.2,-1.6,0,0,2,0.2,0.4
313,5,12,68,1,2,2,2,25,846,1,0,3,0.5,NaN,4,4,1,0,-1,1,0.23,0,-0.5,0.5,6.74051935960622,0,0,0,0,0,0,0,0,0,0,0,5,0,2.5,0.5,0,0,0,0,0,0,0,0,0,0,0,1,0.5,0.5,0.5,1,3,0.1,0.5
313,5,13,68,2,0,0,0,25,604,0,0,0,3,NaN,4,3,1,0,-2,0,0,0,0,4,6.40357419793482,1,0,0,0,0,0,0,0,0,0,0,0,0,0,0,0,0,0,0,0,0,0,0,0,0,0,1,3,0,3,1,3,0.1,0.5
313,5,14,68,3,0,0,0,25,724,0,0,0,3,NaN,4,2,1,0,0,0,0,0,0,4,6.58479139238572,1,0,0,0,0,0,0,0,0,0,0,0,0,0,0,0,0,0,0,0,0,0,0,0,0,0,1,3,0,3,1,3,0.1,0.5
313,5,15,68,4,0,0,0,25,606,0,0,0,3,NaN,4,1,1,0,0,0,0,0,0,4,6.40687998606931,1,0,0,0,0,0,0,0,0,0,0,0,0,0,0,0,0,0,0,0,0,0,0,0,0,0,1,3,0,3,1,3,0.1,0.5
313,5,16,1241,1,3,2,1,NaN,2000,0,2,3,0.8,NaN,5,5,1,0,0,1,0.1846,2,0,2,7.60090245954208,0,0,0,0,0,0,0,0,0,0,0,5,1,4.2,1.2,0,0,0,0,0,0,0,0,0,0,0,0,0.8,1.2,0.8,2,3,0.6,0.8
313,5,17,1241,2,2,1,2,NaN,2000,0,1,2,0.6,NaN,5,4,1,0,-1,0,-0.1,0,-0.4,0.4,7.60090245954208,0,0,0,0,0,0,0,0,0,0,0,4,0,2.4,0.4,0,0,0,0,0,0,0,0,0,0,0,1,0.6,0.4,0.6,2,3,0.6,0.8
313,5,18,1241,3,1,1,2,25,649,1,3,2,0.6,NaN,5,3,1,0,-1,1,0.6,1,0.6,0.4,6.47543271670409,0,0,0,0,0,0,0,0,0,0,1,3,0,1.8,0.8,0,0,0,0,0,0,0,0,0,0,0,1,1,1,1,2,3,0.6,0.8
313,5,19,1241,4,3,2,1,2,987,1,5,3,0.8,NaN,5,2,1,1,2,0,-0.06,2,0,2,6.89467003943348,0,0,0,0,0,0,0,0,0,0,0,5,1,4.2,1.2,0,0,0,0,0,0,0,0,0,0,0,0,0.8,1.2,0,2,3,0.6,0.8
313,5,20,1241,5,5,2,1,25,803,0,4,3,0.8,NaN,5,1,1,1,2,2,0,2,0,2,6.68835471394676,1,0,0,0,0,0,0,0,0,0,0,5,3,4.6,-0.4,0,0,0,0,0,0,0,0,0,0,0,0,0.8,-0.4,0,2,3,0.6,0.8
313,5,21,970,1,3,1,1,2,1179,1,5,2,0.3,NaN,3,3,2,0,-1,1,0.13,2,0,-0.8,7.07242190053737,0,0,0,0,0,0,0,0,0,0,0,5,1,2.2,-0.8,0,0,0,0,0,0,0,0,0,0,0,0,0.3,-0.8,0.3,2,2,0.3,0.5
313,5,22,970,2,5,1,2,2,823,0,4,2,0.3,NaN,3,2,2,1,2,2,0,2,0,-0.8,6.71295620067707,1,0,0,0,0,0,0,0,0,0,0,5,3,3.6,-1.4,0,0,0,0,0,0,0,0,0,0,0,0,0.3,-1.4,0,2,2,0.3,0.5
313,5,23,970,3,4,1,2,2,376,0,3,2,0.3,NaN,3,1,2,1,-1,2,0,2,0,-0.8,5.92958914338989,1,0,0,0,0,0,0,0,0,0,0,5,2,2.9,-1.1,0,0,0,0,0,0,0,0,0,0,0,0,0.3,-1.1,0,2,2,0.3,0.5
313,5,24,576,1,2,2,2,25,721,1,3,1,0.9,NaN,4,4,1,0,-1,1,0.225,0,-0.1,0.7,6.58063913728495,0,0,0,0,0,0,0,0,0,0,0,3,0,2.7,0.7,0,0,0,0,0,0,0,0,0,0,0,1,0.9,0.7,0.9,1,1,0.6,0.9
313,5,25,576,2,3,2,2,25,820,1,4,1,0.9,NaN,4,3,1,0,1,1,0.15,2,0,0.7,6.7093043402583,0,0,0,0,0,0,0,0,0,0,0,4,1,3.7,0.7,0,0,0,0,0,0,0,0,0,0,0,0,0.9,0.7,0.9,1,1,0.6,0.9
313,5,26,576,3,4,1,2,2,936,0,3,1,0.6,NaN,4,2,1,1,1,2,0,2,0,-0.2,6.84161547647759,1,0,0,0,0,0,0,0,0,0,0,5,2,3.8,-0.2,0,0,0,0,0,0,0,0,0,0,0,0,0.6,-0.2,0,1,1,0.6,0.9
313,5,27,576,4,3,2,2,25,931,1,4,1,0.9,NaN,4,1,1,1,-1,2,0,2,0,0.7,6.83625927727707,1,0,0,0,0,0,0,0,0,0,0,4,1,3.7,0.7,0,0,0,0,0,0,0,0,0,0,0,0,0.9,0.7,0,1,1,0.6,0.9
313,5,28,1061,1,3,1,2,2,957,0,2,2,0.4,NaN,4,4,2,0,1,1,0.195,2,0,-0.4,6.86380339145295,0,0,0,0,0,0,0,0,0,0,0,5,1,2.6,-0.4,0,0,0,0,0,0,0,0,0,0,0,0,0.4,-0.4,0.4,2,3,0.4,0.5
313,5,29,1061,2,2,1,2,25,939,1,4,2,0.4,NaN,4,3,2,0,-1,0,-0.0499999999999999,0,-0.6,-0.4,6.84481547920826,0,0,0,0,0,0,0,0,0,0,0,4,0,1.6,-0.4,0,0,0,0,0,0,0,0,0,0,0,1,0.4,-0.4,0.4,2,3,0.4,0.5
313,5,30,1061,3,4,2,1,2,1369,1,2,3,0.5,NaN,4,2,2,1,2,2,0,2,0,0.5,7.22183582528845,1,0,0,0,0,0,0,0,0,0,0,5,2,3.5,-0.5,0,0,0,0,0,0,0,0,0,0,0,0,0.5,-0.5,0,2,3,0.4,0.5
313,5,31,1061,4,2,2,1,25,1499,0,1,3,0.5,NaN,4,1,2,1,-2,0,-0.5,0,-0.5,0.5,7.3125534981026,0,0,0,0,0,0,0,0,0,0,0,5,0,2.5,0.5,0,0,0,0,0,0,0,0,0,0,0,1,0.5,0.5,0,2,3,0.4,0.5
313,5,32,475,1,2,2,1,25,1311,0,1,2,0.6,NaN,3,3,2,0,-1,1,0.05,0,-0.4,0.4,7.1785454837637,0,0,0,0,0,0,0,0,0,0,0,4,0,2.4,0.4,0,0,0,0,0,0,0,0,0,0,0,1,0.6,0.4,0.6,2,2,0.5,0.6
313,5,33,475,2,1,1,1,2,1196,1,3,2,0.5,NaN,3,2,2,0,-1,1,0.5,1,0.5,0,7.08673793451058,0,0,0,0,0,0,0,0,0,0,1,3,0,1.5,0.5,0,0,0,0,0,0,0,0,0,0,0,1,1,1,1,2,2,0.5,0.6
313,5,34,475,3,3,1,2,2,671,0,2,2,0.5,NaN,3,1,2,1,2,2,0,2,0,0,6.50876913697168,1,0,0,0,0,0,0,0,0,0,0,5,1,3,0,0,0,0,0,0,0,0,0,0,0,0,0,0.5,0,0,2,2,0.5,0.6
313,5,35,494,1,2,1,1,25,1250,0,1,3,0.5,NaN,4,4,2,0,-1,0,-0.1,0,-0.5,0.5,7.13089883029635,0,0,0,0,0,0,0,0,0,0,0,5,0,2.5,0.5,0,0,0,0,0,0,0,0,0,0,0,1,0.5,0.5,0.5,3,4,0.5,0.7
313,5,36,494,2,1,2,2,25,639,1,5,4,0.7,NaN,4,3,2,0,-1,1,0.7,1,0.7,2.2,6.45990445437753,0,0,0,0,0,0,0,0,0,0,1,5,0,3.5,2.5,0,0,0,0,0,0,0,0,0,0,0,1,1,1,1,3,4,0.5,0.7
313,5,37,494,3,5,1,1,25,972,0,4,3,0.5,NaN,4,2,2,1,4,2,0,2,0,0.5,6.87935580446044,1,0,0,0,0,0,0,0,0,0,0,5,3,4,-1,0,0,0,0,0,0,0,0,0,0,0,0,0.5,-1,0,3,4,0.5,0.7
313,5,38,494,4,4,1,2,2,632,0,3,3,0.5,NaN,4,1,2,1,-1,2,0,2,0,0.5,6.44888939414686,1,0,0,0,0,0,0,0,0,0,0,5,2,3.5,-0.5,0,0,0,0,0,0,0,0,0,0,0,0,0.5,-0.5,0,3,4,0.5,0.7
313,5,39,466,1,2,1,2,25,691,1,0,0,0.5,NaN,5,5,2,0,-1,0,-0.00135000000000007,0,-0.5,-1,6.53813982376767,0,0,0,0,0,0,0,0,0,0,0,2,0,1,-1,0,0,0,0,0,0,0,0,0,0,0,1,0.5,-1,0.5,0,0,0.5,0.6
313,5,40,466,2,0,0,0,2,23,0,0,0,0,NaN,5,4,2,0,-2,0,0,0,0,-2,3.13549421592915,1,0,0,0,0,0,0,0,0,0,0,0,0,0,0,0,0,0,0,0,0,0,0,0,0,0,1,0,0,0,0,0,0.5,0.6
313,5,41,466,3,0,0,0,25,1708,0,0,0,0,NaN,5,3,2,0,0,0,0,0,0,-2,7.44307837434851,1,0,0,0,0,0,0,0,0,0,0,0,0,0,0,0,0,0,0,0,0,0,0,0,0,0,1,0,0,0,0,0,0.5,0.6
313,5,42,466,4,0,0,0,2,449,0,0,0,0,NaN,5,2,2,0,0,0,0,0,0,-2,6.10702288774225,1,0,0,0,0,0,0,0,0,0,0,0,0,0,0,0,0,0,0,0,0,0,0,0,0,0,1,0,0,0,0,0,0.5,0.6
313,5,43,466,5,0,0,0,25,445,0,0,0,0,NaN,5,1,2,0,0,0,0,0,0,-2,6.09807428216624,1,0,0,0,0,0,0,0,0,0,0,0,0,0,0,0,0,0,0,0,0,0,0,0,0,0,1,0,0,0,0,0,0.5,0.6
313,5,44,391,1,2,2,2,25,629,1,2,0,0.6,NaN,5,5,2,0,0,1,0.0272,0,-0.4,-0.8,6.44413125670044,0,0,0,0,0,0,0,0,0,0,0,2,0,1.2,-0.8,0,0,0,0,0,0,0,0,0,0,0,1,0.6,-0.8,0.6,0,0,0.4,0.6
313,5,45,391,2,2,2,1,2,1162,1,2,0,0.6,NaN,5,4,2,0,0,1,0.049,0,-0.4,-0.8,7.05789793741186,0,0,0,0,0,0,0,0,0,0,0,2,0,1.2,-0.8,0,0,0,0,0,0,0,0,0,0,0,1,0.6,-0.8,0.6,0,0,0.4,0.6
313,5,46,391,3,2,2,1,25,830,0,1,0,0.6,NaN,5,3,2,0,0,1,0.0800000000000001,0,-0.4,-0.8,6.72142570079064,0,0,0,0,0,0,0,0,0,0,0,2,0,1.2,-0.8,0,0,0,0,0,0,0,0,0,0,0,1,0.6,-0.8,0.6,0,0,0.4,0.6
313,5,47,391,4,1,2,1,2,920,1,0,0,0.6,NaN,5,2,2,0,-1,1,0.3,1,0.6,-0.8,6.82437367004309,0,0,0,0,0,0,0,0,0,0,1,1,0,0.6,-0.4,0,0,0,0,0,0,0,0,0,0,0,1,1,1,1,0,0,0.4,0.6
313,5,48,391,5,0,0,0,25,529,0,0,0,0,NaN,5,1,2,0,-1,0,0,0,0,-2,6.2709884318583,1,0,0,0,0,0,0,0,0,0,0,0,0,0,0,0,0,0,0,0,0,0,0,0,0,0,1,0,0,0,0,0,0.4,0.6
313,6,1,1166,1,3,2,1,2,616,1,5,3,0.7,NaN,3,3,1,0,0,1,0.23,2,0,1.5,6.42324696353352,0,0,0,0,0,0,0,0,0,0,0,5,1,3.8,0.8,0,0,0,0,0,0,0,0,0,0,0,0,0.7,0.8,0.7,2,3,0.5,0.7
313,6,2,1166,2,5,2,2,2,979,0,4,3,0.7,NaN,3,2,1,1,2,2,0,2,0,1.5,6.88653164253051,1,0,0,0,0,0,0,0,0,0,0,5,3,4.4,-0.6,0,0,0,0,0,0,0,0,0,0,0,0,0.7,-0.6,0,2,3,0.5,0.7
313,6,3,1166,3,4,2,1,25,1149,0,3,3,0.7,NaN,3,1,1,1,-1,2,0,2,0,1.5,7.04664727784876,1,0,0,0,0,0,0,0,0,0,0,5,2,4.1,0.0999999999999996,0,0,0,0,0,0,0,0,0,0,0,0,0.7,0.0999999999999996,0,2,3,0.5,0.7
313,6,4,728,1,3,1,2,2,1371,0,2,1,0.1,NaN,4,4,1,0,-1,0,-0.030375,2,0,-1.7,7.22329567956231,0,0,0,0,0,0,0,0,0,0,0,4,1,1.3,-1.7,0,0,0,0,0,0,0,0,0,0,0,0,0.1,-1.7,0.1,1,3,0.1,0.4
313,6,5,728,2,2,1,2,2,768,0,1,1,0.1,NaN,4,3,1,0,-1,0,-0.15,0,-0.9,-1.7,6.64378973314767,0,0,0,0,0,0,0,0,0,0,0,3,0,0.3,-1.7,0,0,0,0,0,0,0,0,0,0,0,1,0.1,-1.7,0.1,1,3,0.1,0.4
313,6,6,728,3,1,2,1,2,1371,1,4,3,0.4,NaN,4,2,1,0,-1,1,0.4,1,0.4,2.22044604925031e-16,7.22329567956231,0,0,0,0,0,0,0,0,0,0,1,4,0,1.6,0.6,0,0,0,0,0,0,0,0,0,0,0,1,1,1,1,1,3,0.1,0.4
313,6,7,728,4,4,2,2,2,1240,0,3,3,0.4,NaN,4,1,1,1,3,2,0,2,0,2.22044604925031e-16,7.12286665859908,1,0,0,0,0,0,0,0,0,0,0,5,2,3.2,-0.8,0,0,0,0,0,0,0,0,0,0,0,0,0.4,-0.8,0,1,3,0.1,0.4
313,6,8,755,1,3,2,1,2,682,1,5,4,0.6,NaN,4,4,2,0,-1,1,0.2676,2,0,1.6,6.52502965784346,0,0,0,0,0,0,0,0,0,0,0,5,1,3.4,0.4,0,0,0,0,0,0,0,0,0,0,0,0,0.6,0.4,0.6,0,4,0.1,0.6
313,6,9,755,2,5,2,1,25,1574,0,4,4,0.6,NaN,4,3,2,1,2,2,0,2,0,1.6,7.36137542897735,1,0,0,0,0,0,0,0,0,0,0,5,3,4.2,-0.8,0,0,0,0,0,0,0,0,0,0,0,0,0.6,-0.8,0,0,4,0.1,0.6
313,6,10,755,3,4,2,1,25,904,0,3,4,0.6,NaN,4,2,2,1,-1,2,0,2,0,1.6,6.80682936039218,1,0,0,0,0,0,0,0,0,0,0,5,2,3.8,-0.2,0,0,0,0,0,0,0,0,0,0,0,0,0.6,-0.2,0,0,4,0.1,0.6
313,6,11,755,4,3,1,2,2,565,0,2,0,0.1,NaN,4,1,2,1,-1,2,0,2,0,-1.8,6.33682573114644,1,0,0,0,0,0,0,0,0,0,0,3,1,1.2,-1.8,0,0,0,0,0,0,0,0,0,0,0,0,0.1,-1.8,0,0,4,0.1,0.6
313,6,12,1194,1,3,1,2,2,656,0,2,1,0.5,NaN,4,4,1,0,-1,1,0.025,2,0,-0.5,6.48616078894409,0,0,0,0,0,0,0,0,0,0,0,4,1,2.5,-0.5,0,0,0,0,0,0,0,0,0,0,0,0,0.5,-0.5,0.5,1,4,0.5,0.9
313,6,13,1194,2,2,2,2,25,517,1,5,4,0.9,NaN,4,3,1,0,-1,1,0.2,0,-0.1,3.4,6.24804287450843,0,0,0,0,0,0,0,0,0,0,0,5,0,4.5,2.5,0,0,0,0,0,0,0,0,0,0,0,1,0.9,2.5,0.9,1,4,0.5,0.9
313,6,14,1194,3,5,2,2,2,504,0,4,4,0.9,NaN,4,2,1,1,3,2,0,2,0,3.4,6.22257626807137,1,0,0,0,0,0,0,0,0,0,0,5,3,4.8,-0.2,0,0,0,0,0,0,0,0,0,0,0,0,0.9,-0.2,0,1,4,0.5,0.9
313,6,15,1194,4,4,1,1,25,997,0,3,1,0.5,NaN,4,1,1,1,-1,2,0,2,0,-0.5,6.90475076996184,1,0,0,0,0,0,0,0,0,0,0,5,2,3.5,-0.5,0,0,0,0,0,0,0,0,0,0,0,0,0.5,-0.5,0,1,4,0.5,0.9
313,6,16,1173,1,3,1,2,2,694,0,2,0,0.5,NaN,5,5,1,0,-1,0,-0.032890625,2,0,-1,6.5424719605068,0,0,0,0,0,0,0,0,0,0,0,3,1,2,-1,0,0,0,0,0,0,0,0,0,0,0,0,0.5,-1,0.5,0,2,0.5,0.8
313,6,17,1173,2,2,1,1,25,898,0,1,0,0.5,NaN,5,4,1,0,-1,0,-0.2,0,-0.5,-1,6.8001700683022,0,0,0,0,0,0,0,0,0,0,0,2,0,1,-1,0,0,0,0,0,0,0,0,0,0,0,1,0.5,-1,0.5,0,2,0.5,0.8
313,6,18,1173,3,1,1,1,2,1028,1,0,0,0.5,NaN,5,3,1,0,-1,1,0.28125,1,0.5,-1,6.93537044601511,0,0,0,0,0,0,0,0,0,0,1,1,0,0.5,-0.5,0,0,0,0,0,0,0,0,0,0,0,1,1,1,1,0,2,0.5,0.8
313,6,19,1173,4,0,0,0,25,900,0,0,0,2,NaN,5,2,1,0,-1,0,0,0,0,2,6.80239476332431,1,0,0,0,0,0,0,0,0,0,0,0,0,0,0,0,0,0,0,0,0,0,0,0,0,0,1,2,0,2,0,2,0.5,0.8
313,6,20,1173,5,0,0,0,25,728,0,0,0,2,NaN,5,1,1,0,0,0,0,0,0,2,6.59030104819669,1,0,0,0,0,0,0,0,0,0,0,0,0,0,0,0,0,0,0,0,0,0,0,0,0,0,1,2,0,2,0,2,0.5,0.8
313,6,21,721,1,3,2,2,25,788,1,3,0,0.4,NaN,3,3,1,0,0,1,0.1125,2,0,-1.2,6.66949808985788,0,0,0,0,0,0,0,0,0,0,0,3,1,1.8,-1.2,0,0,0,0,0,0,0,0,0,0,0,0,0.4,-1.2,0.4,0,0,0.1,0.4
313,6,22,721,2,3,2,2,25,693,1,1,0,0.4,NaN,3,2,1,1,0,0,-0.45,2,0,-1.2,6.5410299991899,0,0,0,0,0,0,0,0,0,0,0,3,1,1.8,-1.2,0,0,0,0,0,0,0,0,0,0,0,0,0.4,-1.2,0,0,0,0.1,0.4
313,6,23,721,3,1,2,1,2,799,1,1,0,0.4,NaN,3,1,1,0,-2,1,0.4,1,0.4,-1.2,6.68336094576627,0,0,0,0,0,0,0,0,0,0,1,1,0,0.4,-0.6,0,0,0,0,0,0,0,0,0,0,0,1,1,1,1,0,0,0.1,0.4
313,6,24,883,1,3,1,1,25,825,0,2,3,0.2,NaN,3,3,2,0,0,1,0.0199999999999999,2,0,-1,6.71538338633468,0,0,0,0,0,0,0,0,0,0,0,5,1,1.8,-1.2,0,0,0,0,0,0,0,0,0,0,0,0,0.2,-1.2,0.2,3,3,0.2,0.6
313,6,25,883,2,2,1,2,2,1482,0,1,3,0.2,NaN,3,2,2,0,-1,0,-0.2,0,-0.8,-1,7.30114780585603,0,0,0,0,0,0,0,0,0,0,0,5,0,1,-1,0,0,0,0,0,0,0,0,0,0,0,1,0.2,-1,0.2,3,3,0.2,0.6
313,6,26,883,3,1,1,2,25,706,1,0,3,0.2,NaN,3,1,2,0,-1,1,0.2,1,0.2,-1,6.55961523749324,0,0,0,0,0,0,0,0,0,0,1,4,0,0.8,-0.2,0,0,0,0,0,0,0,0,0,0,0,1,1,1,1,3,3,0.2,0.6
313,6,27,1151,1,3,2,1,2,997,1,1,3,0.6,NaN,5,5,2,0,-1,1,0.22475,2,0,1,6.90475076996184,0,0,0,0,0,0,0,0,0,0,0,5,1,3.4,0.4,0,0,0,0,0,0,0,0,0,0,0,0,0.6,0.4,0.6,2,3,0.5,0.6
313,6,28,1151,2,1,1,2,25,559,1,3,2,0.5,NaN,5,4,2,0,-2,1,0.39875,1,0.5,0,6.3261494731551,0,0,0,0,0,0,0,0,0,0,1,3,0,1.5,0.5,0,0,0,0,0,0,0,0,0,0,0,1,1,1,1,2,3,0.5,0.6
313,6,29,1151,3,3,2,1,2,1059,1,5,3,0.6,NaN,5,3,2,0,2,1,0.245,2,0,1,6.96508034560141,0,0,0,0,0,0,0,0,0,0,0,5,1,3.4,0.4,0,0,0,0,0,0,0,0,0,0,0,0,0.6,0.4,0.6,2,3,0.5,0.6
313,6,30,1151,4,5,1,1,25,783,0,4,2,0.5,NaN,5,2,2,1,2,2,0,2,0,0,6.6631326959908,1,0,0,0,0,0,0,0,0,0,0,5,3,4,-1,0,0,0,0,0,0,0,0,0,0,0,0,0.5,-1,0,2,3,0.5,0.6
313,6,31,1151,5,4,1,2,2,691,0,3,2,0.5,NaN,5,1,2,1,-1,2,0,2,0,0,6.53813982376767,1,0,0,0,0,0,0,0,0,0,0,5,2,3.5,-0.5,0,0,0,0,0,0,0,0,0,0,0,0,0.5,-0.5,0,2,3,0.5,0.6
313,6,32,865,1,3,1,1,2,900,1,1,2,0.2,NaN,4,4,2,0,-1,1,0.0549999999999999,2,0,-1.2,6.80239476332431,0,0,0,0,0,0,0,0,0,0,0,5,1,1.8,-1.2,0,0,0,0,0,0,0,0,0,0,0,0,0.2,-1.2,0.2,2,2,0.2,0.5
313,6,33,865,2,1,2,1,2,646,1,0,2,0.5,NaN,4,3,2,0,-2,1,0.5,1,0.5,0,6.4707995037826,0,0,0,0,0,0,0,0,0,0,1,3,0,1.5,0.5,0,0,0,0,0,0,0,0,0,0,0,1,1,1,1,2,2,0.2,0.5
313,6,34,865,3,0,0,0,25,1045,0,0,0,2,NaN,4,2,2,0,-1,0,0,0,0,2,6.95177216439891,1,0,0,0,0,0,0,0,0,0,0,0,0,0,0,0,0,0,0,0,0,0,0,0,0,0,1,2,0,2,2,2,0.2,0.5
313,6,35,865,4,0,0,0,2,474,0,0,0,2,NaN,4,1,2,0,0,0,0,0,0,2,6.16120732169508,1,0,0,0,0,0,0,0,0,0,0,0,0,0,0,0,0,0,0,0,0,0,0,0,0,0,1,2,0,2,2,2,0.2,0.5
313,6,36,275,1,2,2,2,25,510,1,0,4,0.4,NaN,5,5,1,0,0,1,0.16431875,0,-0.6,0.4,6.23441072571837,0,0,0,0,0,0,0,0,0,0,0,5,0,2,0,0,0,0,0,0,0,0,0,0,0,0,1,0.4,0,0.4,0,4,0.3,0.4
313,6,37,275,2,0,0,0,25,732,0,0,0,4,NaN,5,4,1,0,-2,0,0,0,0,6,6.59578051396131,1,0,0,0,0,0,0,0,0,0,0,0,0,0,0,0,0,0,0,0,0,0,0,0,0,0,1,4,0,4,0,4,0.3,0.4
313,6,38,275,3,0,0,0,25,434,0,0,0,4,NaN,5,3,1,0,0,0,0,0,0,6,6.07304453410041,1,0,0,0,0,0,0,0,0,0,0,0,0,0,0,0,0,0,0,0,0,0,0,0,0,0,1,4,0,4,0,4,0.3,0.4
313,6,39,275,4,0,0,0,2,710,0,0,0,4,NaN,5,2,1,0,0,0,0,0,0,6,6.56526497003536,1,0,0,0,0,0,0,0,0,0,0,0,0,0,0,0,0,0,0,0,0,0,0,0,0,0,1,4,0,4,0,4,0.3,0.4
313,6,40,275,5,0,0,0,25,653,0,0,0,4,NaN,5,1,1,0,0,0,0,0,0,6,6.48157712927643,1,0,0,0,0,0,0,0,0,0,0,0,0,0,0,0,0,0,0,0,0,0,0,0,0,0,1,4,0,4,0,4,0.3,0.4
313,6,41,863,1,3,1,2,2,832,0,2,1,0.2,NaN,3,3,2,0,0,1,0.0549999999999999,2,0,-1.4,6.72383244082121,0,0,0,0,0,0,0,0,0,0,0,4,1,1.6,-1.4,0,0,0,0,0,0,0,0,0,0,0,0,0.2,-1.4,0.2,1,3,0.2,0.5
313,6,42,863,2,2,2,2,25,625,1,5,3,0.5,NaN,3,2,2,0,-1,1,0.15,0,-0.5,0.5,6.4377516497364,0,0,0,0,0,0,0,0,0,0,0,5,0,2.5,0.5,0,0,0,0,0,0,0,0,0,0,0,1,0.5,0.5,0.5,1,3,0.2,0.5
313,6,43,863,3,5,2,2,2,765,0,4,3,0.5,NaN,3,1,2,1,3,2,0,2,0,0.5,6.63987583382654,1,0,0,0,0,0,0,0,0,0,0,5,3,4,-1,0,0,0,0,0,0,0,0,0,0,0,0,0.5,-1,0,1,3,0.2,0.5
313,6,44,1051,1,3,2,2,25,978,1,1,0,0.5,NaN,5,5,2,0,-1,1,0.0713093749999999,2,0,-1,6.88550967003482,0,0,0,0,0,0,0,0,0,0,0,3,1,2,-1,0,0,0,0,0,0,0,0,0,0,0,0,0.5,-1,0.5,0,0,0.4,0.5
313,6,45,1051,2,1,2,2,25,602,1,0,0,0.5,NaN,5,4,2,0,-2,1,0.0455625,1,0.5,-1,6.40025744530882,0,0,0,0,0,0,0,0,0,0,1,1,0,0.5,-0.5,0,0,0,0,0,0,0,0,0,0,0,1,1,1,1,0,0,0.4,0.5
313,6,46,1051,3,0,0,0,25,887,0,0,0,0,NaN,5,3,2,0,-1,0,0,0,0,-2,6.78784498230958,1,0,0,0,0,0,0,0,0,0,0,0,0,0,0,0,0,0,0,0,0,0,0,0,0,0,1,0,0,0,0,0,0.4,0.5
313,6,47,1051,4,0,0,0,2,641,0,0,0,0,NaN,5,2,2,0,0,0,0,0,0,-2,6.46302945692067,1,0,0,0,0,0,0,0,0,0,0,0,0,0,0,0,0,0,0,0,0,0,0,0,0,0,1,0,0,0,0,0,0.4,0.5
313,6,48,1051,5,0,0,0,25,674,0,0,0,0,NaN,5,1,2,0,0,0,0,0,0,-2,6.51323011091231,1,0,0,0,0,0,0,0,0,0,0,0,0,0,0,0,0,0,0,0,0,0,0,0,0,0,1,0,0,0,0,0,0.4,0.5
313,7,1,959,1,3,1,2,2,953,0,2,3,0.3,NaN,4,4,1,0,0,1,0.17,2,0,-0.5,6.8596149036542,0,0,0,0,0,0,0,0,0,0,0,5,1,2.2,-0.8,0,0,0,0,0,0,0,0,0,0,0,0,0.3,-0.8,0.3,3,4,0.3,0.4
313,7,2,959,2,2,1,2,25,997,1,0,3,0.3,NaN,4,3,1,0,-1,0,-0.05,0,-0.7,-0.5,6.90475076996184,0,0,0,0,0,0,0,0,0,0,0,5,0,1.5,-0.5,0,0,0,0,0,0,0,0,0,0,0,1,0.3,-0.5,0.3,3,4,0.3,0.4
313,7,3,959,3,0,0,0,25,680,0,0,0,4,NaN,4,2,1,0,-2,0,0,0,0,6,6.52209279817015,1,0,0,0,0,0,0,0,0,0,0,0,0,0,0,0,0,0,0,0,0,0,0,0,0,0,1,4,0,4,3,4,0.3,0.4
313,7,4,959,4,0,0,0,2,604,0,0,0,4,NaN,4,1,1,0,0,0,0,0,0,6,6.40357419793482,1,0,0,0,0,0,0,0,0,0,0,0,0,0,0,0,0,0,0,0,0,0,0,0,0,0,1,4,0,4,3,4,0.3,0.4
313,7,5,309,1,2,1,1,25,811,0,1,1,0.3,NaN,3,3,2,0,0,0,-0.15,0,-0.7,-1.1,6.69826805411541,0,0,0,0,0,0,0,0,0,0,0,3,0,0.9,-1.1,0,0,0,0,0,0,0,0,0,0,0,1,0.3,-1.1,0.3,1,4,0.3,0.6
313,7,6,309,2,1,2,2,25,600,1,0,4,0.6,NaN,3,2,2,0,-1,1,0.6,1,0.6,1.6,6.39692965521615,0,0,0,0,0,0,0,0,0,0,1,5,0,3,2,0,0,0,0,0,0,0,0,0,0,0,1,1,1,1,1,4,0.3,0.6
313,7,7,309,3,0,0,0,2,1196,0,0,0,4,NaN,3,1,2,0,-1,0,0,0,0,6,7.08673793451058,1,0,0,0,0,0,0,0,0,0,0,0,0,0,0,0,0,0,0,0,0,0,0,0,0,0,1,4,0,4,1,4,0.3,0.6
313,7,8,512,1,2,2,2,25,682,1,3,1,0.9,NaN,3,3,1,0,0,1,0.275,0,-0.1,0.7,6.52502965784346,0,0,0,0,0,0,0,0,0,0,0,3,0,2.7,0.7,0,0,0,0,0,0,0,0,0,0,0,1,0.9,0.7,0.9,0,1,0.5,0.9
313,7,9,512,2,3,1,2,2,986,0,2,0,0.5,NaN,3,2,1,1,1,0,-0.15,2,0,-1,6.89365635460264,0,0,0,0,0,0,0,0,0,0,0,3,1,2,-1,0,0,0,0,0,0,0,0,0,0,0,0,0.5,-1,0,0,1,0.5,0.9
313,7,10,512,3,2,1,2,2,1078,0,1,0,0.5,NaN,3,1,1,1,-1,0,-0.5,0,-0.5,-1,6.98286275146894,0,0,0,0,0,0,0,0,0,0,0,2,0,1,-1,0,0,0,0,0,0,0,0,0,0,0,1,0.5,-1,0,0,1,0.5,0.9
313,7,11,203,1,2,1,1,25,792,0,1,1,0.2,NaN,5,5,2,0,-1,0,-0.226,0,-0.8,-1.4,6.67456139181443,0,0,0,0,0,0,0,0,0,0,0,3,0,0.6,-1.4,0,0,0,0,0,0,0,0,0,0,0,1,0.2,-1.4,0.2,1,3,0.2,0.6
313,7,12,203,2,1,2,1,2,603,1,4,3,0.6,NaN,5,4,2,0,-1,1,0.6,1,0.6,1,6.40191719672719,0,0,0,0,0,0,0,0,0,0,1,4,0,2.4,1.4,0,0,0,0,0,0,0,0,0,0,0,1,1,1,1,1,3,0.2,0.6
313,7,13,203,3,4,1,1,25,775,0,3,1,0.2,NaN,5,3,2,1,3,0,-0.4,2,0,-1.4,6.65286302935335,0,0,0,0,0,0,0,0,0,0,0,5,2,2.6,-1.4,0,0,0,0,0,0,0,0,0,0,0,0,0.2,-1.4,0,1,3,0.2,0.6
313,7,14,203,4,3,2,1,2,1001,1,5,3,0.6,NaN,5,2,2,1,-1,0,-0.24,2,0,1,6.90875477931522,0,0,0,0,0,0,0,0,0,0,0,5,1,3.4,0.4,0,0,0,0,0,0,0,0,0,0,0,0,0.6,0.4,0,1,3,0.2,0.6
313,7,15,203,5,5,1,2,2,773,0,4,1,0.2,NaN,5,1,2,1,2,2,0,2,0,-1.4,6.65027904858742,1,0,0,0,0,0,0,0,0,0,0,5,3,3.4,-1.6,0,0,0,0,0,0,0,0,0,0,0,0,0.2,-1.6,0,1,3,0.2,0.6
313,7,16,176,1,2,2,2,25,871,1,0,3,0.4,NaN,5,5,1,0,-1,1,0.149,0,-0.6,2.22044604925031e-16,6.7696419768525,0,0,0,0,0,0,0,0,0,0,0,5,0,2,0,0,0,0,0,0,0,0,0,0,0,0,1,0.4,0,0.4,2,3,0.2,0.4
313,7,17,176,2,0,0,0,2,97,0,0,0,3,NaN,5,4,1,0,-2,0,0,0,0,4,4.57471097850338,1,0,0,0,0,0,0,0,0,0,0,0,0,0,0,0,0,0,0,0,0,0,0,0,0,0,1,3,0,3,2,3,0.2,0.4
313,7,18,176,3,0,0,0,25,474,0,0,0,3,NaN,5,3,1,0,0,0,0,0,0,4,6.16120732169508,1,0,0,0,0,0,0,0,0,0,0,0,0,0,0,0,0,0,0,0,0,0,0,0,0,0,1,3,0,3,2,3,0.2,0.4
313,7,19,176,4,0,0,0,2,344,0,0,0,3,NaN,5,2,1,0,0,0,0,0,0,4,5.8406416573734,1,0,0,0,0,0,0,0,0,0,0,0,0,0,0,0,0,0,0,0,0,0,0,0,0,0,1,3,0,3,2,3,0.2,0.4
313,7,20,176,5,0,0,0,25,846,0,0,0,3,NaN,5,1,1,0,0,0,0,0,0,4,6.74051935960622,1,0,0,0,0,0,0,0,0,0,0,0,0,0,0,0,0,0,0,0,0,0,0,0,0,0,1,3,0,3,2,3,0.2,0.4
313,7,21,1150,1,3,2,1,2,741,1,5,2,0.6,NaN,5,5,1,0,0,1,0.20045,2,0,0.4,6.60800062529609,0,0,0,0,0,0,0,0,0,0,0,5,1,3.4,0.4,0,0,0,0,0,0,0,0,0,0,0,0,0.6,0.4,0.6,2,2,0.5,0.6
313,7,22,1150,2,5,2,2,25,831,1,5,2,0.6,NaN,5,4,1,1,2,0,-0.081,2,0,0.4,6.72262979485545,0,0,0,0,0,0,0,0,0,0,0,5,3,4.2,-0.8,0,0,0,0,0,0,0,0,0,0,0,0,0.6,-0.8,0,2,2,0.5,0.6
313,7,23,1150,3,5,2,2,2,610,0,4,2,0.6,NaN,5,3,1,1,0,2,0,2,0,0.4,6.41345895716736,1,0,0,0,0,0,0,0,0,0,0,5,3,4.2,-0.8,0,0,0,0,0,0,0,0,0,0,0,0,0.6,-0.8,0,2,2,0.5,0.6
313,7,24,1150,4,4,2,2,25,1207,1,5,2,0.6,NaN,5,2,1,1,-1,2,0,2,0,0.4,7.09589322109753,1,0,0,0,0,0,0,0,0,0,0,5,2,3.8,-0.2,0,0,0,0,0,0,0,0,0,0,0,0,0.6,-0.2,0,2,2,0.5,0.6
313,7,25,1150,5,5,2,1,25,648,0,4,2,0.6,NaN,5,1,1,1,1,2,0,2,0,0.4,6.47389069635227,1,0,0,0,0,0,0,0,0,0,0,5,3,4.2,-0.8,0,0,0,0,0,0,0,0,0,0,0,0,0.6,-0.8,0,2,2,0.5,0.6
313,7,26,57,1,2,2,1,25,709,0,1,4,0.4,NaN,3,3,1,0,-1,1,0.15,0,-0.6,0.4,6.56385552653213,0,0,0,0,0,0,0,0,0,0,0,5,0,2,0,0,0,0,0,0,0,0,0,0,0,0,1,0.4,0,0.4,2,4,0.1,0.4
313,7,27,57,2,1,2,2,25,605,1,0,4,0.4,NaN,3,2,1,0,-1,1,0.4,1,0.4,0.4,6.40522845803084,0,0,0,0,0,0,0,0,0,0,1,5,0,2,1,0,0,0,0,0,0,0,0,0,0,0,1,1,1,1,2,4,0.1,0.4
313,7,28,57,3,0,0,0,25,931,0,0,0,4,NaN,3,1,1,0,-1,0,0,0,0,6,6.83625927727707,1,0,0,0,0,0,0,0,0,0,0,0,0,0,0,0,0,0,0,0,0,0,0,0,0,0,1,4,0,4,2,4,0.1,0.4
313,7,29,1191,1,3,2,2,25,561,1,4,1,0.9,NaN,4,4,1,0,0,1,0.156,2,0,0.7,6.3297209055227,0,0,0,0,0,0,0,0,0,0,0,4,1,3.7,0.7,0,0,0,0,0,0,0,0,0,0,0,0,0.9,0.7,0.9,1,1,0.5,0.9
313,7,30,1191,2,4,1,1,25,952,0,3,1,0.5,NaN,4,3,1,1,1,0,-0.1,2,0,-0.5,6.85856503479136,0,0,0,0,0,0,0,0,0,0,0,5,2,3.5,-0.5,0,0,0,0,0,0,0,0,0,0,0,0,0.5,-0.5,0,1,1,0.5,0.9
313,7,31,1191,3,3,2,2,25,802,1,4,1,0.9,NaN,4,2,1,1,-1,0,-0.03,2,0,0.7,6.68710860786651,0,0,0,0,0,0,0,0,0,0,0,4,1,3.7,0.7,0,0,0,0,0,0,0,0,0,0,0,0,0.9,0.7,0,1,1,0.5,0.9
313,7,32,1191,4,4,1,2,2,945,0,3,1,0.5,NaN,4,1,1,1,1,2,0,2,0,-0.5,6.85118492749374,1,0,0,0,0,0,0,0,0,0,0,5,2,3.5,-0.5,0,0,0,0,0,0,0,0,0,0,0,0,0.5,-0.5,0,1,1,0.5,0.9
313,7,33,1072,1,3,2,1,2,679,1,1,2,0.6,NaN,4,4,2,0,-1,1,0.214,2,0,0.4,6.5206211275587,0,0,0,0,0,0,0,0,0,0,0,5,1,3.4,0.4,0,0,0,0,0,0,0,0,0,0,0,0,0.6,0.4,0.6,1,2,0.4,0.6
313,7,34,1072,2,1,2,1,2,599,1,0,2,0.6,NaN,4,3,2,0,-2,1,0.6,1,0.6,0.4,6.39526159811545,0,0,0,0,0,0,0,0,0,0,1,3,0,1.8,0.8,0,0,0,0,0,0,0,0,0,0,0,1,1,1,1,1,2,0.4,0.6
313,7,35,1072,3,0,0,0,25,298,0,0,0,2,NaN,4,2,2,0,-1,0,0,0,0,2,5.6970934865054,1,0,0,0,0,0,0,0,0,0,0,0,0,0,0,0,0,0,0,0,0,0,0,0,0,0,1,2,0,2,1,2,0.4,0.6
313,7,36,1072,4,0,0,0,2,297,0,0,0,2,NaN,4,1,2,0,0,0,0,0,0,2,5.6937321388027,1,0,0,0,0,0,0,0,0,0,0,0,0,0,0,0,0,0,0,0,0,0,0,0,0,0,1,2,0,2,1,2,0.4,0.6
313,7,37,746,1,3,2,1,2,566,1,5,3,0.5,NaN,4,4,2,0,0,1,0.25,2,0,0.5,6.33859407820318,0,0,0,0,0,0,0,0,0,0,0,5,1,3,0,0,0,0,0,0,0,0,0,0,0,0,0,0.5,0,0.5,2,3,0.1,0.5
313,7,38,746,2,5,1,1,25,619,0,4,2,0.1,NaN,4,3,2,1,2,2,0,2,0,-1.6,6.4281052726846,1,0,0,0,0,0,0,0,0,0,0,5,3,3.2,-1.8,0,0,0,0,0,0,0,0,0,0,0,0,0.1,-1.8,0,2,3,0.1,0.5
313,7,39,746,3,4,1,2,2,965,0,3,2,0.1,NaN,4,2,2,1,-1,2,0,2,0,-1.6,6.87212810133899,1,0,0,0,0,0,0,0,0,0,0,5,2,2.3,-1.7,0,0,0,0,0,0,0,0,0,0,0,0,0.1,-1.7,0,2,3,0.1,0.5
313,7,40,746,4,3,2,1,25,1306,0,2,3,0.5,NaN,4,1,2,1,-1,2,0,2,0,0.5,7.17472430983638,1,0,0,0,0,0,0,0,0,0,0,5,1,3,0,0,0,0,0,0,0,0,0,0,0,0,0,0.5,0,0,2,3,0.1,0.5
313,7,41,961,1,3,1,1,25,932,0,2,0,0.3,NaN,5,5,2,0,-1,1,0.011115,2,0,-1.4,6.83733281468559,0,0,0,0,0,0,0,0,0,0,0,3,1,1.6,-1.4,0,0,0,0,0,0,0,0,0,0,0,0,0.3,-1.4,0.3,0,0,0.3,0.5
313,7,42,961,2,2,1,2,2,1255,0,1,0,0.3,NaN,5,4,2,0,-1,0,-0.00625000000000009,0,-0.7,-1.4,7.13489085156588,0,0,0,0,0,0,0,0,0,0,0,2,0,0.6,-1.4,0,0,0,0,0,0,0,0,0,0,0,1,0.3,-1.4,0.3,0,0,0.3,0.5
313,7,43,961,3,1,2,1,2,743,1,1,0,0.5,NaN,5,3,2,0,-1,1,0.0800000000000001,1,0.5,-1,6.61069604471776,0,0,0,0,0,0,0,0,0,0,1,1,0,0.5,-0.5,0,0,0,0,0,0,0,0,0,0,0,1,1,1,1,0,0,0.3,0.5
313,7,44,961,4,1,2,2,25,787,1,0,0,0.5,NaN,5,2,2,0,0,1,0.2,1,0.5,-1,6.6682282484174,0,0,0,0,0,0,0,0,0,0,1,1,0,0.5,-0.5,0,0,0,0,0,0,0,0,0,0,0,1,1,1,1,0,0,0.3,0.5
313,7,45,961,5,0,0,0,2,478,0,0,0,0,NaN,5,1,2,0,-1,0,0,0,0,-2,6.16961073249146,1,0,0,0,0,0,0,0,0,0,0,0,0,0,0,0,0,0,0,0,0,0,0,0,0,0,1,0,0,0,0,0,0.3,0.5
313,7,46,743,1,3,1,2,2,746,0,2,1,0.1,NaN,3,3,2,0,0,0,-0.03,2,0,-1.7,6.61472560020376,0,0,0,0,0,0,0,0,0,0,0,4,1,1.3,-1.7,0,0,0,0,0,0,0,0,0,0,0,0,0.1,-1.7,0.1,1,3,0.1,0.5
313,7,47,743,2,2,1,2,2,710,0,1,1,0.1,NaN,3,2,2,0,-1,0,-0.2,0,-0.9,-1.7,6.56526497003536,0,0,0,0,0,0,0,0,0,0,0,3,0,0.3,-1.7,0,0,0,0,0,0,0,0,0,0,0,1,0.1,-1.7,0.1,1,3,0.1,0.5
313,7,48,743,3,1,2,2,25,1031,1,4,3,0.5,NaN,3,1,2,0,-1,1,0.5,1,0.5,0.5,6.93828448401696,0,0,0,0,0,0,0,0,0,0,1,4,0,2,1,0,0,0,0,0,0,0,0,0,0,0,1,1,1,1,1,3,0.1,0.5
313,8,1,450,1,2,1,1,25,1126,0,1,4,0.4,NaN,4,4,1,0,3,0,-0.25,0,-0.6,0.4,7.02642680869964,0,0,0,0,0,0,0,0,0,0,0,5,0,2,0,0,0,0,0,0,0,0,0,0,0,0,1,0.4,0,0.4,4,4,0.4,0.9
313,8,2,450,2,1,1,2,25,1004,1,0,4,0.4,NaN,4,3,1,0,-1,1,0.4,1,0.4,0.4,6.91174730025167,0,0,0,0,0,0,0,0,0,0,1,5,0,2,1,0,0,0,0,0,0,0,0,0,0,0,1,1,1,1,4,4,0.4,0.9
313,8,3,450,3,0,0,0,25,542,0,0,0,4,NaN,4,2,1,0,-1,0,0,0,0,6,6.29526600143965,1,0,0,0,0,0,0,0,0,0,0,0,0,0,0,0,0,0,0,0,0,0,0,0,0,0,1,4,0,4,4,4,0.4,0.9
313,8,4,450,4,0,0,0,25,306,0,0,0,4,NaN,4,1,1,0,0,0,0,0,0,6,5.72358510195238,1,0,0,0,0,0,0,0,0,0,0,0,0,0,0,0,0,0,0,0,0,0,0,0,0,0,1,4,0,4,4,4,0.4,0.9
313,8,5,77,1,2,1,2,2,818,0,1,0,0.1,NaN,5,5,2,0,0,0,-0.119595,0,-0.9,-1.8,6.70686233660275,0,0,0,0,0,0,0,0,0,0,0,2,0,0.2,-1.8,0,0,0,0,0,0,0,0,0,0,0,1,0.1,-1.8,0.1,0,1,0.1,0.6
313,8,6,77,2,1,1,2,25,638,1,0,0,0.1,NaN,5,4,2,0,-1,1,0.0158374999999999,1,0.1,-1.8,6.45833828334479,0,0,0,0,0,0,0,0,0,0,1,1,0,0.1,-0.9,0,0,0,0,0,0,0,0,0,0,0,1,1,1,1,0,1,0.1,0.6
313,8,7,77,3,0,0,0,25,543,0,0,0,1,NaN,5,3,2,0,-1,0,0,0,0,0,6.29710931993394,1,0,0,0,0,0,0,0,0,0,0,0,0,0,0,0,0,0,0,0,0,0,0,0,0,0,1,1,0,1,0,1,0.1,0.6
313,8,8,77,4,0,0,0,2,494,0,0,0,1,NaN,5,2,2,0,0,0,0,0,0,0,6.20253551718792,1,0,0,0,0,0,0,0,0,0,0,0,0,0,0,0,0,0,0,0,0,0,0,0,0,0,1,1,0,1,0,1,0.1,0.6
313,8,9,77,5,0,0,0,2,625,0,0,0,1,NaN,5,1,2,0,0,0,0,0,0,0,6.4377516497364,1,0,0,0,0,0,0,0,0,0,0,0,0,0,0,0,0,0,0,0,0,0,0,0,0,0,1,1,0,1,0,1,0.1,0.6
313,8,10,498,1,2,1,1,2,1304,1,0,0,0.5,NaN,3,3,1,0,0,0,-0.2,0,-0.5,-1,7.1731917424866,0,0,0,0,0,0,0,0,0,0,0,2,0,1,-1,0,0,0,0,0,0,0,0,0,0,0,1,0.5,-1,0.5,0,2,0.5,0.8
313,8,11,498,2,0,0,0,25,193,0,0,0,2,NaN,3,2,1,0,-2,0,0,0,0,2,5.26269018890489,1,0,0,0,0,0,0,0,0,0,0,0,0,0,0,0,0,0,0,0,0,0,0,0,0,0,1,2,0,2,0,2,0.5,0.8
313,8,12,498,3,0,0,0,25,307,0,0,0,2,NaN,3,1,1,0,0,0,0,0,0,2,5.7268477475872,1,0,0,0,0,0,0,0,0,0,0,0,0,0,0,0,0,0,0,0,0,0,0,0,0,0,1,2,0,2,0,2,0.5,0.8
313,8,13,576,1,2,1,2,25,1088,1,3,1,0.6,NaN,4,4,2,0,0,0,-0.05625,0,-0.4,-0.2,6.99209642741589,0,0,0,0,0,0,0,0,0,0,0,3,0,1.8,-0.2,0,0,0,0,0,0,0,0,0,0,0,1,0.6,-0.2,0.6,1,1,0.6,0.9
313,8,14,576,2,3,1,2,2,1131,0,2,1,0.6,NaN,4,3,2,0,1,1,0.075,2,0,-0.2,7.03085747611612,0,0,0,0,0,0,0,0,0,0,0,4,1,2.8,-0.2,0,0,0,0,0,0,0,0,0,0,0,0,0.6,-0.2,0.6,1,1,0.6,0.9
313,8,15,576,3,2,2,1,2,1204,1,3,1,0.9,NaN,4,2,2,0,-1,1,0.15,0,-0.1,0.7,7.09340462586877,0,0,0,0,0,0,0,0,0,0,0,3,0,2.7,0.7,0,0,0,0,0,0,0,0,0,0,0,1,0.9,0.7,0.9,1,1,0.6,0.9
313,8,16,576,4,3,1,2,2,786,0,2,1,0.6,NaN,4,1,2,1,1,2,0,2,0,-0.2,6.66695679242921,1,0,0,0,0,0,0,0,0,0,0,4,1,2.8,-0.2,0,0,0,0,0,0,0,0,0,0,0,0,0.6,-0.2,0,1,1,0.6,0.9
313,8,17,1116,1,3,2,2,25,617,1,4,1,0.9,NaN,3,3,1,0,-1,1,0.19,2,0,0.7,6.42486902390539,0,0,0,0,0,0,0,0,0,0,0,4,1,3.7,0.7,0,0,0,0,0,0,0,0,0,0,0,0,0.9,0.7,0.9,1,1,0.4,0.9
313,8,18,1116,2,4,2,1,25,807,0,3,1,0.9,NaN,3,2,1,1,1,2,0,2,0,0.7,6.69332366826995,1,0,0,0,0,0,0,0,0,0,0,5,2,4.7,0.7,0,0,0,0,0,0,0,0,0,0,0,0,0.9,0.7,0,1,1,0.4,0.9
313,8,19,1116,3,3,1,1,2,1154,1,1,1,0.4,NaN,3,1,1,1,-1,2,0,2,0,-0.8,7.05098944706805,1,0,0,0,0,0,0,0,0,0,0,4,1,2.2,-0.8,0,0,0,0,0,0,0,0,0,0,0,0,0.4,-0.8,0,1,1,0.4,0.9
313,8,20,1154,1,3,2,1,2,746,1,5,4,0.6,NaN,5,5,1,0,-2,1,0.245,2,0,1.6,6.61472560020376,0,0,0,0,0,0,0,0,0,0,0,5,1,3.4,0.4,0,0,0,0,0,0,0,0,0,0,0,0,0.6,0.4,0.6,3,4,0.5,0.6
313,8,21,1154,2,5,2,1,25,1050,0,4,4,0.6,NaN,5,4,1,1,2,0,-0.081,2,0,1.6,6.95654544315157,0,0,0,0,0,0,0,0,0,0,0,5,3,4.2,-0.8,0,0,0,0,0,0,0,0,0,0,0,0,0.6,-0.8,0,3,4,0.5,0.6
313,8,22,1154,3,4,1,1,25,945,0,3,3,0.5,NaN,5,3,1,1,-1,0,-0.2125,2,0,0.5,6.85118492749374,0,0,0,0,0,0,0,0,0,0,0,5,2,3.5,-0.5,0,0,0,0,0,0,0,0,0,0,0,0,0.5,-0.5,0,3,4,0.5,0.6
313,8,23,1154,4,3,1,1,25,894,0,2,3,0.5,NaN,5,2,1,1,-1,0,-0.225,2,0,0.5,6.79570577517351,0,0,0,0,0,0,0,0,0,0,0,5,1,3,0,0,0,0,0,0,0,0,0,0,0,0,0,0.5,0,0,3,4,0.5,0.6
313,8,24,1154,5,2,2,2,25,936,1,5,4,0.6,NaN,5,1,1,1,-1,0,-0.4,0,-0.4,1.6,6.84161547647759,0,0,0,0,0,0,0,0,0,0,0,5,0,3,1,0,0,0,0,0,0,0,0,0,0,0,1,0.6,1,0,3,4,0.5,0.6
313,8,25,382,1,2,1,2,25,1004,1,3,1,0.4,NaN,4,4,2,0,3,0,-0.0659999999999999,0,-0.6,-0.8,6.91174730025167,0,0,0,0,0,0,0,0,0,0,0,3,0,1.2,-0.8,0,0,0,0,0,0,0,0,0,0,0,1,0.4,-0.8,0.4,1,2,0.4,0.5
313,8,26,382,2,3,1,2,2,1179,0,2,1,0.4,NaN,4,3,2,0,1,1,0.195,2,0,-0.8,7.07242190053737,0,0,0,0,0,0,0,0,0,0,0,4,1,2.2,-0.8,0,0,0,0,0,0,0,0,0,0,0,0,0.4,-0.8,0.4,1,2,0.4,0.5
313,8,27,382,3,2,1,1,25,1320,0,1,1,0.4,NaN,4,2,2,0,-1,0,-0.0499999999999999,0,-0.6,-0.8,7.18538701558042,0,0,0,0,0,0,0,0,0,0,0,3,0,1.2,-0.8,0,0,0,0,0,0,0,0,0,0,0,1,0.4,-0.8,0.4,1,2,0.4,0.5
313,8,28,382,4,1,2,1,2,957,1,0,2,0.5,NaN,4,1,2,0,-1,1,0.5,1,0.5,0,6.86380339145295,0,0,0,0,0,0,0,0,0,0,1,3,0,1.5,0.5,0,0,0,0,0,0,0,0,0,0,0,1,1,1,1,1,2,0.4,0.5
313,8,29,387,1,2,1,1,25,755,0,1,2,0.4,NaN,5,5,2,0,-1,0,-0.1025,0,-0.6,-0.4,6.62671774924902,0,0,0,0,0,0,0,0,0,0,0,4,0,1.6,-0.4,0,0,0,0,0,0,0,0,0,0,0,1,0.4,-0.4,0.4,2,4,0.4,0.5
313,8,30,387,2,1,2,2,25,735,1,0,4,0.5,NaN,5,4,2,0,-1,1,0.5,1,0.5,1,6.59987049921284,0,0,0,0,0,0,0,0,0,0,1,5,0,2.5,1.5,0,0,0,0,0,0,0,0,0,0,0,1,1,1,1,2,4,0.4,0.5
313,8,31,387,3,0,0,0,25,331,0,0,0,4,NaN,5,3,2,0,-1,0,0,0,0,6,5.80211837537706,1,0,0,0,0,0,0,0,0,0,0,0,0,0,0,0,0,0,0,0,0,0,0,0,0,0,1,4,0,4,2,4,0.4,0.5
313,8,32,387,4,0,0,0,2,135,0,0,0,4,NaN,5,2,2,0,0,0,0,0,0,6,4.90527477843843,1,0,0,0,0,0,0,0,0,0,0,0,0,0,0,0,0,0,0,0,0,0,0,0,0,0,1,4,0,4,2,4,0.4,0.5
313,8,33,387,5,0,0,0,2,593,0,0,0,4,NaN,5,1,2,0,0,0,0,0,0,6,6.38519439899773,1,0,0,0,0,0,0,0,0,0,0,0,0,0,0,0,0,0,0,0,0,0,0,0,0,0,1,4,0,4,2,4,0.4,0.5
313,8,34,291,1,2,2,2,25,802,1,0,1,0.5,NaN,3,3,2,0,0,1,0.1,0,-0.5,-0.5,6.68710860786651,0,0,0,0,0,0,0,0,0,0,0,3,0,1.5,-0.5,0,0,0,0,0,0,0,0,0,0,0,1,0.5,-0.5,0.5,1,1,0.3,0.5
313,8,35,291,2,0,0,0,25,362,0,0,0,1,NaN,3,2,2,0,-2,0,0,0,0,0,5.89164421182577,1,0,0,0,0,0,0,0,0,0,0,0,0,0,0,0,0,0,0,0,0,0,0,0,0,0,1,1,0,1,1,1,0.3,0.5
313,8,36,291,3,0,0,0,2,256,0,0,0,1,NaN,3,1,2,0,0,0,0,0,0,0,5.54517744447956,1,0,0,0,0,0,0,0,0,0,0,0,0,0,0,0,0,0,0,0,0,0,0,0,0,0,1,1,0,1,1,1,0.3,0.5
313,8,37,1174,1,3,2,1,2,658,1,1,3,0.8,NaN,4,4,1,0,0,1,0.226875,2,0,2,6.48920493132532,0,0,0,0,0,0,0,0,0,0,0,5,1,4.2,1.2,0,0,0,0,0,0,0,0,0,0,0,0,0.8,1.2,0.8,0,3,0.5,0.8
313,8,38,1174,2,1,1,2,25,1532,1,0,0,0.5,NaN,4,3,1,0,-2,1,0.28125,1,0.5,-1,7.33432935030054,0,0,0,0,0,0,0,0,0,0,1,1,0,0.5,-0.5,0,0,0,0,0,0,0,0,0,0,0,1,1,1,1,0,3,0.5,0.8
313,8,39,1174,3,0,0,0,25,784,0,0,0,3,NaN,4,2,1,0,-1,0,0,0,0,4,6.66440902035041,1,0,0,0,0,0,0,0,0,0,0,0,0,0,0,0,0,0,0,0,0,0,0,0,0,0,1,3,0,3,0,3,0.5,0.8
313,8,40,1174,4,0,0,0,2,515,0,0,0,3,NaN,4,1,1,0,0,0,0,0,0,4,6.24416690066374,1,0,0,0,0,0,0,0,0,0,0,0,0,0,0,0,0,0,0,0,0,0,0,0,0,0,1,3,0,3,0,3,0.5,0.8
313,8,41,563,1,2,2,2,25,692,1,5,3,0.8,NaN,3,3,2,0,0,1,0.1,0,-0.2,2,6.53958595561767,0,0,0,0,0,0,0,0,0,0,0,5,0,4,2,0,0,0,0,0,0,0,0,0,0,0,1,0.8,2,0.8,1,3,0.6,0.8
313,8,42,563,2,5,2,1,25,1221,0,4,3,0.8,NaN,3,2,2,1,3,2,0,2,0,2,7.1074254741107,1,0,0,0,0,0,0,0,0,0,0,5,3,4.6,-0.4,0,0,0,0,0,0,0,0,0,0,0,0,0.8,-0.4,0,1,3,0.6,0.8
313,8,43,563,3,4,2,1,25,1237,0,3,3,0.8,NaN,3,1,2,1,-1,2,0,2,0,2,7.12044437239249,1,0,0,0,0,0,0,0,0,0,0,5,2,4.4,0.4,0,0,0,0,0,0,0,0,0,0,0,0,0.8,0.4,0,1,3,0.6,0.8
313,8,44,1103,1,3,1,2,2,1278,0,2,1,0.4,NaN,5,5,1,0,-1,1,0.01,2,0,-0.8,7.15305163493748,0,0,0,0,0,0,0,0,0,0,0,4,1,2.2,-0.8,0,0,0,0,0,0,0,0,0,0,0,0,0.4,-0.8,0.4,1,3,0.4,0.8
313,8,45,1103,2,2,1,1,25,1143,0,1,1,0.4,NaN,5,4,1,0,-1,0,-0.204,0,-0.6,-0.8,7.04141166379481,0,0,0,0,0,0,0,0,0,0,0,3,0,1.2,-0.8,0,0,0,0,0,0,0,0,0,0,0,1,0.4,-0.8,0.4,1,3,0.4,0.8
313,8,46,1103,3,1,1,1,2,502,1,0,1,0.4,NaN,5,3,1,0,-1,1,0.28,1,0.4,-0.8,6.21860011969173,0,0,0,0,0,0,0,0,0,0,1,2,0,0.8,-0.2,0,0,0,0,0,0,0,0,0,0,0,1,1,1,1,1,3,0.4,0.8
313,8,47,1103,4,0,0,0,2,417,0,0,0,3,NaN,5,2,1,0,-1,0,0,0,0,4,6.0330862217988,1,0,0,0,0,0,0,0,0,0,0,0,0,0,0,0,0,0,0,0,0,0,0,0,0,0,1,3,0,3,1,3,0.4,0.8
313,8,48,1103,5,0,0,0,2,345,0,0,0,3,NaN,5,1,1,0,0,0,0,0,0,4,5.84354441703136,1,0,0,0,0,0,0,0,0,0,0,0,0,0,0,0,0,0,0,0,0,0,0,0,0,0,1,3,0,3,1,3,0.4,0.8
313,9,1,412,1,2,1,1,25,615,0,1,1,0.4,NaN,5,5,1,0,0,0,-0.098625,0,-0.6,-0.8,6.42162226780652,0,0,0,0,0,0,0,0,0,0,0,3,0,1.2,-0.8,0,0,0,0,0,0,0,0,0,0,0,1,0.4,-0.8,0.4,1,2,0.4,0.7
313,9,2,412,2,1,1,1,2,783,1,0,1,0.4,NaN,5,4,1,0,-1,1,0.25,1,0.4,-0.8,6.6631326959908,0,0,0,0,0,0,0,0,0,0,1,2,0,0.8,-0.2,0,0,0,0,0,0,0,0,0,0,0,1,1,1,1,1,2,0.4,0.7
313,9,3,412,3,0,0,0,25,694,0,0,0,2,NaN,5,3,1,0,-1,0,0,0,0,2,6.5424719605068,1,0,0,0,0,0,0,0,0,0,0,0,0,0,0,0,0,0,0,0,0,0,0,0,0,0,1,2,0,2,1,2,0.4,0.7
313,9,4,412,4,0,0,0,25,560,0,0,0,2,NaN,5,2,1,0,0,0,0,0,0,2,6.32793678372919,1,0,0,0,0,0,0,0,0,0,0,0,0,0,0,0,0,0,0,0,0,0,0,0,0,0,1,2,0,2,1,2,0.4,0.7
313,9,5,412,5,0,0,0,2,434,0,0,0,2,NaN,5,1,1,0,0,0,0,0,0,2,6.07304453410041,1,0,0,0,0,0,0,0,0,0,0,0,0,0,0,0,0,0,0,0,0,0,0,0,0,0,1,2,0,2,1,2,0.4,0.7
313,9,6,1248,1,3,2,2,25,719,1,1,2,0.9,NaN,5,5,2,0,0,1,0.18466875,2,0,1.6,6.57786135772105,0,0,0,0,0,0,0,0,0,0,0,5,1,4.6,1.6,0,0,0,0,0,0,0,0,0,0,0,0,0.9,1.6,0.9,0,2,0.6,0.9
313,9,7,1248,2,1,2,2,25,514,1,3,2,0.9,NaN,5,4,2,0,-2,1,0.826875,1,0.9,1.6,6.24222326545517,0,0,0,0,0,0,0,0,0,0,1,3,0,2.7,1.7,0,0,0,0,0,0,0,0,0,0,0,1,1,1,1,0,2,0.6,0.9
313,9,8,1248,3,3,1,2,25,909,1,3,0,0.6,NaN,5,3,2,0,2,1,0.045,2,0,-0.8,6.81234509417748,0,0,0,0,0,0,0,0,0,0,0,3,1,2.2,-0.8,0,0,0,0,0,0,0,0,0,0,0,0,0.6,-0.8,0.6,0,2,0.6,0.9
313,9,9,1248,4,3,1,1,25,966,0,2,0,0.6,NaN,5,2,2,1,0,0,-0.1,2,0,-0.8,6.87316383421252,0,0,0,0,0,0,0,0,0,0,0,3,1,2.2,-0.8,0,0,0,0,0,0,0,0,0,0,0,0,0.6,-0.8,0,0,2,0.6,0.9
313,9,10,1248,5,2,2,2,25,736,1,0,2,0.9,NaN,5,1,2,1,-1,0,-0.1,0,-0.1,1.6,6.60123011872888,0,0,0,0,0,0,0,0,0,0,0,4,0,3.6,1.6,0,0,0,0,0,0,0,0,0,0,0,1,0.9,1.6,0,0,2,0.6,0.9
313,9,11,1228,1,3,1,1,2,720,1,1,3,0.6,NaN,4,4,2,0,-2,1,0.185,2,0,1,6.5792512120101,0,0,0,0,0,0,0,0,0,0,0,5,1,3.4,0.4,0,0,0,0,0,0,0,0,0,0,0,0,0.6,0.4,0.6,3,3,0.6,0.7
313,9,12,1228,2,1,2,2,25,466,1,4,3,0.7,NaN,4,3,2,0,-2,1,0.7,1,0.7,1.5,6.14418563412565,0,0,0,0,0,0,0,0,0,0,1,4,0,2.8,1.8,0,0,0,0,0,0,0,0,0,0,0,1,1,1,1,3,3,0.6,0.7
313,9,13,1228,3,4,2,2,2,756,0,3,3,0.7,NaN,4,2,2,1,3,2,0,2,0,1.5,6.62804137617953,1,0,0,0,0,0,0,0,0,0,0,5,2,4.1,0.0999999999999996,0,0,0,0,0,0,0,0,0,0,0,0,0.7,0.0999999999999996,0,3,3,0.6,0.7
313,9,14,1228,4,3,2,2,25,633,1,1,3,0.7,NaN,4,1,2,1,-1,2,0,2,0,1.5,6.45047042214418,1,0,0,0,0,0,0,0,0,0,0,5,1,3.8,0.8,0,0,0,0,0,0,0,0,0,0,0,0,0.7,0.8,0,3,3,0.6,0.7
313,9,15,515,1,2,2,1,2,716,1,0,4,0.9,NaN,4,4,1,0,-2,1,0.29375,0,-0.1,3.4,6.57368016696065,0,0,0,0,0,0,0,0,0,0,0,5,0,4.5,2.5,0,0,0,0,0,0,0,0,0,0,0,1,0.9,2.5,0.9,0,4,0.5,0.9
313,9,16,515,2,0,0,0,2,940,0,0,0,4,NaN,4,3,1,0,-2,0,0,0,0,6,6.84587987526405,1,0,0,0,0,0,0,0,0,0,0,0,0,0,0,0,0,0,0,0,0,0,0,0,0,0,1,4,0,4,0,4,0.5,0.9
313,9,17,515,3,0,0,0,2,224,0,0,0,4,NaN,4,2,1,0,0,0,0,0,0,6,5.41164605185504,1,0,0,0,0,0,0,0,0,0,0,0,0,0,0,0,0,0,0,0,0,0,0,0,0,0,1,4,0,4,0,4,0.5,0.9
313,9,18,515,4,0,0,0,25,391,0,0,0,4,NaN,4,1,1,0,0,0,0,0,0,6,5.96870755998537,1,0,0,0,0,0,0,0,0,0,0,0,0,0,0,0,0,0,0,0,0,0,0,0,0,0,1,4,0,4,0,4,0.5,0.9
313,9,19,493,1,2,2,1,2,710,1,5,3,0.7,NaN,3,3,1,0,0,1,0.1,0,-0.3,1.5,6.56526497003536,0,0,0,0,0,0,0,0,0,0,0,5,0,3.5,1.5,0,0,0,0,0,0,0,0,0,0,0,1,0.7,1.5,0.7,3,3,0.5,0.7
313,9,20,493,2,5,1,2,2,889,0,4,3,0.5,NaN,3,2,1,1,3,2,0,2,0,0.5,6.7900972355139,1,0,0,0,0,0,0,0,0,0,0,5,3,4,-1,0,0,0,0,0,0,0,0,0,0,0,0,0.5,-1,0,3,3,0.5,0.7
313,9,21,493,3,4,2,2,25,550,1,2,3,0.7,NaN,3,1,1,1,-1,2,0,2,0,1.5,6.30991827822652,1,0,0,0,0,0,0,0,0,0,0,5,2,4.1,0.0999999999999996,0,0,0,0,0,0,0,0,0,0,0,0,0.7,0.0999999999999996,0,3,3,0.5,0.7
313,9,22,299,1,2,1,2,2,706,0,1,3,0.3,NaN,4,4,2,0,-2,0,-0.1,0,-0.7,-0.5,6.55961523749324,0,0,0,0,0,0,0,0,0,0,0,5,0,1.5,-0.5,0,0,0,0,0,0,0,0,0,0,0,1,0.3,-0.5,0.3,3,4,0.3,0.5
313,9,23,299,2,1,2,1,2,502,1,0,4,0.5,NaN,4,3,2,0,-1,1,0.5,1,0.5,1,6.21860011969173,0,0,0,0,0,0,0,0,0,0,1,5,0,2.5,1.5,0,0,0,0,0,0,0,0,0,0,0,1,1,1,1,3,4,0.3,0.5
313,9,24,299,3,0,0,0,2,752,0,0,0,4,NaN,4,2,2,0,-1,0,0,0,0,6,6.62273632394984,1,0,0,0,0,0,0,0,0,0,0,0,0,0,0,0,0,0,0,0,0,0,0,0,0,0,1,4,0,4,3,4,0.3,0.5
313,9,25,299,4,0,0,0,25,549,0,0,0,4,NaN,4,1,2,0,0,0,0,0,0,6,6.30809844150953,1,0,0,0,0,0,0,0,0,0,0,0,0,0,0,0,0,0,0,0,0,0,0,0,0,0,1,4,0,4,3,4,0.3,0.5
313,9,26,377,1,2,2,2,25,669,1,0,1,0.5,NaN,3,3,1,0,0,1,0.16,0,-0.5,-0.5,6.50578406012823,0,0,0,0,0,0,0,0,0,0,0,3,0,1.5,-0.5,0,0,0,0,0,0,0,0,0,0,0,1,0.5,-0.5,0.5,0,1,0.4,0.5
313,9,27,377,2,0,0,0,2,262,0,0,0,1,NaN,3,2,1,0,-2,0,0,0,0,0,5.5683445037611,1,0,0,0,0,0,0,0,0,0,0,0,0,0,0,0,0,0,0,0,0,0,0,0,0,0,1,1,0,1,0,1,0.4,0.5
313,9,28,377,3,0,0,0,2,357,0,0,0,1,NaN,3,1,1,0,0,0,0,0,0,0,5.87773578177964,1,0,0,0,0,0,0,0,0,0,0,0,0,0,0,0,0,0,0,0,0,0,0,0,0,0,1,1,0,1,0,1,0.4,0.5
313,9,29,182,1,2,2,2,2,451,0,1,1,0.5,NaN,3,3,2,0,0,1,0.215,0,-0.5,-0.5,6.11146733950268,0,0,0,0,0,0,0,0,0,0,0,3,0,1.5,-0.5,0,0,0,0,0,0,0,0,0,0,0,1,0.5,-0.5,0.5,0,1,0.2,0.5
313,9,30,182,2,1,2,1,2,863,1,0,1,0.5,NaN,3,2,2,0,-1,1,0.5,1,0.5,-0.5,6.76041469108343,0,0,0,0,0,0,0,0,0,0,1,2,0,1,0,0,0,0,0,0,0,0,0,0,0,0,1,1,1,1,0,1,0.2,0.5
313,9,31,182,3,0,0,0,25,543,0,0,0,1,NaN,3,1,2,0,-1,0,0,0,0,0,6.29710931993394,1,0,0,0,0,0,0,0,0,0,0,0,0,0,0,0,0,0,0,0,0,0,0,0,0,0,1,1,0,1,0,1,0.2,0.5
313,9,32,1097,1,3,1,2,2,621,0,2,0,0.4,NaN,4,4,1,0,0,0,-0.1064,2,0,-1.2,6.43133108193348,0,0,0,0,0,0,0,0,0,0,0,3,1,1.8,-1.2,0,0,0,0,0,0,0,0,0,0,0,0,0.4,-1.2,0.4,0,1,0.4,0.8
313,9,33,1097,2,2,2,1,2,903,1,3,1,0.8,NaN,4,3,1,0,-1,1,0.28,0,-0.2,0.4,6.80572255341699,0,0,0,0,0,0,0,0,0,0,0,3,0,2.4,0.4,0,0,0,0,0,0,0,0,0,0,0,1,0.8,0.4,0.8,0,1,0.4,0.8
313,9,34,1097,3,3,1,1,25,700,0,2,0,0.4,NaN,4,2,1,1,1,0,-0.24,2,0,-1.2,6.5510803350434,0,0,0,0,0,0,0,0,0,0,0,3,1,1.8,-1.2,0,0,0,0,0,0,0,0,0,0,0,0,0.4,-1.2,0,0,1,0.4,0.8
313,9,35,1097,4,2,1,2,2,637,0,1,0,0.4,NaN,4,1,1,1,-1,0,-0.6,0,-0.6,-1.2,6.45676965557216,0,0,0,0,0,0,0,0,0,0,0,2,0,0.8,-1.2,0,0,0,0,0,0,0,0,0,0,0,1,0.4,-1.2,0,0,1,0.4,0.8
313,9,36,551,1,2,1,2,2,1309,0,1,2,0.6,NaN,3,3,2,0,-1,0,-0.05,0,-0.4,0.4,7.1770187659099,0,0,0,0,0,0,0,0,0,0,0,4,0,2.4,0.4,0,0,0,0,0,0,0,0,0,0,0,1,0.6,0.4,0.6,2,3,0.6,0.7
313,9,37,551,2,1,2,1,2,878,1,0,3,0.7,NaN,3,2,2,0,-1,1,0.7,1,0.7,1.5,6.77764659363512,0,0,0,0,0,0,0,0,0,0,1,4,0,2.8,1.8,0,0,0,0,0,0,0,0,0,0,0,1,1,1,1,2,3,0.6,0.7
313,9,38,551,3,0,0,0,2,642,0,0,0,3,NaN,3,1,2,0,-1,0,0,0,0,4,6.46458830368996,1,0,0,0,0,0,0,0,0,0,0,0,0,0,0,0,0,0,0,0,0,0,0,0,0,0,1,3,0,3,2,3,0.6,0.7
313,9,39,188,1,2,2,2,25,891,1,0,3,0.5,NaN,5,5,2,0,0,1,0.2075,0,-0.5,0.5,6.79234442747081,0,0,0,0,0,0,0,0,0,0,0,5,0,2.5,0.5,0,0,0,0,0,0,0,0,0,0,0,1,0.5,0.5,0.5,1,3,0.2,0.5
313,9,40,188,2,0,0,0,2,488,0,0,0,3,NaN,5,4,2,0,-2,0,0,0,0,4,6.19031540585315,1,0,0,0,0,0,0,0,0,0,0,0,0,0,0,0,0,0,0,0,0,0,0,0,0,0,1,3,0,3,1,3,0.2,0.5
313,9,41,188,3,0,0,0,25,660,0,0,0,3,NaN,5,3,2,0,0,0,0,0,0,4,6.49223983502047,1,0,0,0,0,0,0,0,0,0,0,0,0,0,0,0,0,0,0,0,0,0,0,0,0,0,1,3,0,3,1,3,0.2,0.5
313,9,42,188,4,0,0,0,2,507,0,0,0,3,NaN,5,2,2,0,0,0,0,0,0,4,6.22851100359118,1,0,0,0,0,0,0,0,0,0,0,0,0,0,0,0,0,0,0,0,0,0,0,0,0,0,1,3,0,3,1,3,0.2,0.5
313,9,43,188,5,0,0,0,2,711,0,0,0,3,NaN,5,1,2,0,0,0,0,0,0,4,6.56667242980324,1,0,0,0,0,0,0,0,0,0,0,0,0,0,0,0,0,0,0,0,0,0,0,0,0,0,1,3,0,3,1,3,0.2,0.5
313,9,44,499,1,2,1,2,2,701,0,1,0,0.5,NaN,5,5,1,0,0,0,-0.2,0,-0.5,-1,6.55250788703459,0,0,0,0,0,0,0,0,0,0,0,2,0,1,-1,0,0,0,0,0,0,0,0,0,0,0,1,0.5,-1,0.5,0,3,0.5,0.8
313,9,45,499,2,1,1,2,25,925,1,0,0,0.5,NaN,5,4,1,0,-1,1,0.2703125,1,0.5,-1,6.82979373751242,0,0,0,0,0,0,0,0,0,0,1,1,0,0.5,-0.5,0,0,0,0,0,0,0,0,0,0,0,1,1,1,1,0,3,0.5,0.8
313,9,46,499,3,0,0,0,2,837,0,0,0,3,NaN,5,3,1,0,-1,0,0,0,0,4,6.72982407048948,1,0,0,0,0,0,0,0,0,0,0,0,0,0,0,0,0,0,0,0,0,0,0,0,0,0,1,3,0,3,0,3,0.5,0.8
313,9,47,499,4,0,0,0,2,479,0,0,0,3,NaN,5,2,1,0,0,0,0,0,0,4,6.17170059741091,1,0,0,0,0,0,0,0,0,0,0,0,0,0,0,0,0,0,0,0,0,0,0,0,0,0,1,3,0,3,0,3,0.5,0.8
313,9,48,499,5,0,0,0,NaN,2004,0,0,0,3,NaN,5,1,1,0,0,0,0,0,0,4,7.60290046220476,1,0,0,0,0,0,0,0,0,0,0,0,0,0,0,0,0,0,0,0,0,0,0,0,0,0,1,3,0,3,0,3,0.5,0.8
